Year,Trip Number,ADFG Number,Vessel Name,Groundline Diameter Inches,Pot Spacing Feet,Date Left Port,Sell Date,Trip Target Species Code,Trip Target Species,Groundfish Stat Area,Groundfish Management Area Code,Number of Pots,Average Depth Fathoms,Species,Species Code,Disposition,Disposition Code,Numbers,Pounds
1997,1001,35564,NAVIGATOR,0.75,150,8/31/1997 0:00,9/6/1997 0:00,710,Sablefish,325401,SSEI,25,205,Sablefish,710,Retained,1,,130
1997,1001,35564,NAVIGATOR,0.75,150,8/31/1997 0:00,9/6/1997 0:00,710,Sablefish,325431,SSEI,25,205,Sablefish,710,Retained,1,,30
1997,1001,35564,NAVIGATOR,0.75,150,8/31/1997 0:00,9/6/1997 0:00,710,Sablefish,325433,SSEI,25,225,Sablefish,710,Retained,1,,605
1997,1002,35564,NAVIGATOR,0.75,150,,9/11/1997 0:00,710,Sablefish,315432,SSEI,22,235,Sablefish,710,Retained,1,,1200
1997,1002,35564,NAVIGATOR,0.75,150,,9/11/1997 0:00,710,Sablefish,315432,SSEI,23,233.6,Sablefish,710,Retained,1,,4300
1997,1002,35564,NAVIGATOR,0.75,150,,9/11/1997 0:00,710,Sablefish,325401,SSEI,23,200,Sablefish,710,Retained,1,,50
1997,1003,35564,NAVIGATOR,0.75,150,,9/15/1997 0:00,710,Sablefish,315432,SSEI,23,233.9230769,Sablefish,710,Retained,1,,6250
1997,1003,35564,NAVIGATOR,0.75,150,,9/15/1997 0:00,710,Sablefish,315432,SSEI,24,235,Sablefish,710,Retained,1,,1300
1997,1004,35564,NAVIGATOR,0.75,150,,9/19/1997 0:00,710,Sablefish,315431,SSEI,23,230,Sablefish,710,Retained,1,,600
1997,1004,35564,NAVIGATOR,0.75,150,,9/19/1997 0:00,710,Sablefish,315432,SSEI,22,232,Sablefish,710,Retained,1,,700
1997,1004,35564,NAVIGATOR,0.75,150,,9/19/1997 0:00,710,Sablefish,315432,SSEI,23,240,Sablefish,710,Retained,1,,3500
1997,1004,35564,NAVIGATOR,0.75,150,,9/19/1997 0:00,710,Sablefish,315502,SSEI,22,237.5,Sablefish,710,Retained,1,,800
1997,1004,35564,NAVIGATOR,0.75,150,,9/19/1997 0:00,710,Sablefish,315502,SSEI,23,235,Sablefish,710,Retained,1,,300
1997,1005,36488,ALASKAN ROSE,0.75,240,,9/5/1997 0:00,710,Sablefish,315432,SSEI,24,240,Sablefish,710,Retained,1,,1200
1997,1005,36488,ALASKAN ROSE,0.75,240,,9/5/1997 0:00,710,Sablefish,315502,SSEI,20,253.3333333,Sablefish,710,Retained,1,,3600
1997,1006,36488,ALASKAN ROSE,0.75,240,,9/8/1997 0:00,710,Sablefish,315432,SSEI,20,215,Sablefish,710,Retained,1,,5000
1997,1006,36488,ALASKAN ROSE,0.75,240,,9/8/1997 0:00,710,Sablefish,315432,SSEI,24,220,Sablefish,710,Retained,1,,3000
1997,1006,36488,ALASKAN ROSE,0.75,240,,9/8/1997 0:00,710,Sablefish,315502,SSEI,20,260,Sablefish,710,Retained,1,,2000
1997,1007,36488,ALASKAN ROSE,0.75,240,,9/10/1997 0:00,710,Sablefish,315432,SSEI,20,223.3333333,Sablefish,710,Retained,1,,3800
1997,1007,36488,ALASKAN ROSE,0.75,240,,9/10/1997 0:00,710,Sablefish,315432,SSEI,24,240,Sablefish,710,Retained,1,,1200
1997,1008,36488,ALASKAN ROSE,0.75,300,,9/16/1997 0:00,710,Sablefish,315432,SSEI,19,221,Sablefish,710,Retained,1,,1791
1997,1008,36488,ALASKAN ROSE,0.75,300,,9/16/1997 0:00,710,Sablefish,315432,SSEI,20,230.6666667,Sablefish,710,Retained,1,,5373
1997,1009,36488,ALASKAN ROSE,0.75,300,9/18/1997 0:00,9/19/1997 0:00,710,Sablefish,315432,SSEI,20,221.6666667,Sablefish,710,Retained,1,,3400
1997,1009,36488,ALASKAN ROSE,0.75,300,9/18/1997 0:00,9/19/1997 0:00,710,Sablefish,315502,SSEI,27,268,Sablefish,710,Retained,1,,1400
1997,1010,36488,ALASKAN ROSE,0.75,300,,9/25/1997 0:00,710,Sablefish,315432,SSEI,20,252,Sablefish,710,Retained,1,,1100
1997,1010,36488,ALASKAN ROSE,0.75,300,,9/25/1997 0:00,710,Sablefish,315502,SSEI,20,227.5,Sablefish,710,Retained,1,,2200
1997,1010,36488,ALASKAN ROSE,0.75,300,,9/25/1997 0:00,710,Sablefish,315502,SSEI,28,244,Sablefish,710,Retained,1,,1100
1997,1011,36488,ALASKAN ROSE,0.75,240,,9/30/1997 0:00,710,Sablefish,315432,SSEI,20,235,Sablefish,710,Retained,1,,800
1997,1011,36488,ALASKAN ROSE,0.75,240,,9/30/1997 0:00,710,Sablefish,315502,SSEI,20,239.6666667,Sablefish,710,Retained,1,,1300
1997,1011,36488,ALASKAN ROSE,0.75,240,,9/30/1997 0:00,710,Sablefish,315502,SSEI,24,244,Sablefish,710,Retained,1,,700
1997,1011,36488,ALASKAN ROSE,0.75,240,,9/30/1997 0:00,710,Sablefish,315531,SSEI,20,321,Sablefish,710,Retained,1,,500
1997,1012,36488,ALASKAN ROSE,0.75,240,,10/2/1997 0:00,710,Sablefish,315502,SSEI,26,259,Sablefish,710,Retained,1,,1070
1997,1012,36488,ALASKAN ROSE,0.75,240,,10/2/1997 0:00,710,Sablefish,315531,SSEI,20,224,Sablefish,710,Retained,1,,764
1997,1012,36488,ALASKAN ROSE,0.75,240,,10/2/1997 0:00,710,Sablefish,315531,SSEI,28,269,Sablefish,710,Retained,1,,2140
1997,1013,36488,ALASKAN ROSE,0.75,240,10/1/1997 0:00,10/7/1997 0:00,710,Sablefish,315502,SSEI,20,240,Sablefish,710,Retained,1,,3150
1997,1013,36488,ALASKAN ROSE,0.75,240,10/1/1997 0:00,10/7/1997 0:00,710,Sablefish,315502,SSEI,22,230,Sablefish,710,Retained,1,,1300
1997,1013,36488,ALASKAN ROSE,0.75,240,10/1/1997 0:00,10/7/1997 0:00,710,Sablefish,315531,SSEI,20,270,Sablefish,710,Retained,1,,1200
1997,1013,36488,ALASKAN ROSE,0.75,240,10/1/1997 0:00,10/7/1997 0:00,710,Sablefish,315531,SSEI,23,305,Sablefish,710,Retained,1,,900
1997,1013,36488,ALASKAN ROSE,0.75,240,10/1/1997 0:00,10/7/1997 0:00,710,Sablefish,315531,SSEI,26,270,Sablefish,710,Retained,1,,2900
1997,1014,36488,ALASKAN ROSE,0.75,300,10/5/1997 0:00,10/11/1997 0:00,710,Sablefish,315502,SSEI,20,234.1666667,Sablefish,710,Retained,1,,4650
1997,1014,36488,ALASKAN ROSE,0.75,300,10/5/1997 0:00,10/11/1997 0:00,710,Sablefish,315502,SSEI,23,255,Sablefish,710,Retained,1,,1000
1997,1014,36488,ALASKAN ROSE,0.75,300,10/5/1997 0:00,10/11/1997 0:00,710,Sablefish,315502,SSEI,26,270,Sablefish,710,Retained,1,,1200
1997,1014,36488,ALASKAN ROSE,0.75,300,10/5/1997 0:00,10/11/1997 0:00,710,Sablefish,315531,SSEI,26,300,Sablefish,710,Retained,1,,900
1997,1015,36488,ALASKAN ROSE,0.75,300,10/10/1997 0:00,10/17/1997 0:00,710,Sablefish,315502,SSEI,20,241.6666667,Sablefish,710,Retained,1,,3700
1997,1015,36488,ALASKAN ROSE,0.75,300,10/10/1997 0:00,10/17/1997 0:00,710,Sablefish,315502,SSEI,23,235,Sablefish,710,Retained,1,,1400
1997,1015,36488,ALASKAN ROSE,0.75,300,10/10/1997 0:00,10/17/1997 0:00,710,Sablefish,315502,SSEI,26,245,Sablefish,710,Retained,1,,1700
1997,1016,36488,ALASKAN ROSE,0.75,300,10/16/1997 0:00,10/19/1997 0:00,710,Sablefish,315502,SSEI,20,253.3333333,Sablefish,710,Retained,1,,950
1997,1016,36488,ALASKAN ROSE,0.75,300,10/16/1997 0:00,10/19/1997 0:00,710,Sablefish,315502,SSEI,23,240,Sablefish,710,Retained,1,,800
1997,1016,36488,ALASKAN ROSE,0.75,300,10/16/1997 0:00,10/19/1997 0:00,710,Sablefish,315502,SSEI,26,250,Sablefish,710,Retained,1,,300
1997,1017,36488,ALASKAN ROSE,0.75,240,,10/24/1997 0:00,710,Sablefish,315502,SSEI,20,233.3333333,Sablefish,710,Retained,1,,2000
1997,1017,36488,ALASKAN ROSE,0.75,240,,10/24/1997 0:00,710,Sablefish,315502,SSEI,23,250,Sablefish,710,Retained,1,,700
1997,1017,36488,ALASKAN ROSE,0.75,240,,10/24/1997 0:00,710,Sablefish,315502,SSEI,26,270,Sablefish,710,Retained,1,,800
1997,1018,36488,ALASKAN ROSE,0.75,240,10/22/1997 0:00,10/30/1997 0:00,710,Sablefish,315502,SSEI,20,232,Sablefish,710,Retained,1,,1150
1997,1018,36488,ALASKAN ROSE,0.75,240,10/22/1997 0:00,10/30/1997 0:00,710,Sablefish,315502,SSEI,26,223,Sablefish,710,Retained,1,,500
1997,1018,36488,ALASKAN ROSE,0.75,240,10/22/1997 0:00,10/30/1997 0:00,710,Sablefish,325531,SSEI,20,262.5,Sablefish,710,Retained,1,,600
1997,1018,36488,ALASKAN ROSE,0.75,240,10/22/1997 0:00,10/30/1997 0:00,710,Sablefish,325531,SSEI,23,255,Sablefish,710,Retained,1,,500
1997,1018,36488,ALASKAN ROSE,0.75,240,10/22/1997 0:00,10/30/1997 0:00,710,Sablefish,325531,SSEI,26,330,Sablefish,710,Retained,1,,1000
1997,1019,36488,ALASKAN ROSE,0.75,240,,11/2/1997 0:00,710,Sablefish,315502,SSEI,20,235,Sablefish,710,Retained,1,,1500
1997,1019,36488,ALASKAN ROSE,0.75,240,,11/2/1997 0:00,710,Sablefish,325531,SSEI,20,286.6666667,Sablefish,710,Retained,1,,1700
1997,1019,36488,ALASKAN ROSE,0.75,240,,11/2/1997 0:00,710,Sablefish,325531,SSEI,23,262.5,Sablefish,710,Retained,1,,700
1997,1019,36488,ALASKAN ROSE,0.75,240,,11/2/1997 0:00,710,Sablefish,325531,SSEI,26,340,Sablefish,710,Retained,1,,1700
1997,1020,36488,ALASKAN ROSE,0.75,240,10/31/1997 0:00,11/6/1997 0:00,710,Sablefish,325531,SSEI,20,320,Sablefish,710,Retained,1,,1850
1997,1020,36488,ALASKAN ROSE,0.75,240,10/31/1997 0:00,11/6/1997 0:00,710,Sablefish,325531,SSEI,20,335,Sablefish,710,,,,1200
1997,1020,36488,ALASKAN ROSE,0.75,240,10/31/1997 0:00,11/6/1997 0:00,710,Sablefish,325531,SSEI,23,310,Sablefish,710,Retained,1,,850
1997,1020,36488,ALASKAN ROSE,0.75,240,10/31/1997 0:00,11/6/1997 0:00,710,Sablefish,325531,SSEI,26,350,Sablefish,710,Retained,1,,2000
1997,1021,36488,ALASKAN ROSE,0.75,240,11/3/1997 0:00,11/8/1997 0:00,710,Sablefish,325531,SSEI,20,330,Sablefish,710,Released (Quota Limit),3,,250
1997,1021,36488,ALASKAN ROSE,0.75,240,11/3/1997 0:00,11/8/1997 0:00,710,Sablefish,325531,SSEI,20,330,Sablefish,710,Retained,1,,850
1997,1021,36488,ALASKAN ROSE,0.75,240,11/3/1997 0:00,11/8/1997 0:00,710,Sablefish,325531,SSEI,26,320,Sablefish,710,Released (Quota Limit),3,,600
1997,1021,36488,ALASKAN ROSE,0.75,240,11/3/1997 0:00,11/8/1997 0:00,710,Sablefish,325531,SSEI,26,320,Sablefish,710,Retained,1,,150
1997,1022,35564,NAVIGATOR,0.75,150,9/22/1997 0:00,9/24/1997 0:00,710,Sablefish,315432,SSEI,23,235,Sablefish,710,Retained,1,,800
1997,1022,35564,NAVIGATOR,0.75,150,9/22/1997 0:00,9/24/1997 0:00,710,Sablefish,315502,SSEI,23,240,Sablefish,710,Retained,1,,800
1997,1023,35564,NAVIGATOR,0.75,150,9/18/1997 0:00,9/22/1997 0:00,710,Sablefish,315432,SSEI,23,236.5,Sablefish,710,Retained,1,,1000
1997,1023,35564,NAVIGATOR,0.75,150,9/18/1997 0:00,9/22/1997 0:00,710,Sablefish,315502,SSEI,23,245,Sablefish,710,Retained,1,,1300
1998,1001,36488,ALASKAN ROSE,0.75,300,9/11/1998 0:00,9/16/1998 0:00,710,Sablefish,315502,SSEI,18,265,Sablefish,710,Retained,1,,850
1998,1001,36488,ALASKAN ROSE,0.75,300,9/11/1998 0:00,9/16/1998 0:00,710,Sablefish,315502,SSEI,19,250,Sablefish,710,Retained,1,,200
1998,1001,36488,ALASKAN ROSE,0.75,300,9/11/1998 0:00,9/16/1998 0:00,710,Sablefish,315502,SSEI,20,265,Sablefish,710,Retained,1,,2850
1998,1001,36488,ALASKAN ROSE,0.75,300,9/11/1998 0:00,9/16/1998 0:00,710,Sablefish,315531,SSEI,18,310,Sablefish,710,Retained,1,,400
1998,1001,36488,ALASKAN ROSE,0.75,300,9/11/1998 0:00,9/16/1998 0:00,710,Sablefish,315531,SSEI,23,295,Sablefish,710,Retained,1,,1850
1998,1002,36488,ALASKAN ROSE,0.75,300,,9/20/1998 0:00,710,Sablefish,315502,SSEI,19,272.5,Sablefish,710,Retained,1,,2900
1998,1002,36488,ALASKAN ROSE,0.75,300,,9/20/1998 0:00,710,Sablefish,315502,SSEI,20,261.3333333,Sablefish,710,Retained,1,,4400
1998,1002,36488,ALASKAN ROSE,0.75,300,,9/20/1998 0:00,710,Sablefish,315531,SSEI,23,300,Sablefish,710,Retained,1,,3700
1998,1003,36488,ALASKAN ROSE,0.75,300,,9/24/1998 0:00,710,Sablefish,315502,SSEI,19,255,Sablefish,710,Retained,1,,3200
1998,1003,36488,ALASKAN ROSE,0.75,300,,9/24/1998 0:00,710,Sablefish,315502,SSEI,20,252.5,Sablefish,710,Retained,1,,6400
1998,1003,36488,ALASKAN ROSE,0.75,300,,9/24/1998 0:00,710,Sablefish,315502,SSEI,23,260,Sablefish,710,Retained,1,,2000
1998,1003,36488,ALASKAN ROSE,0.75,300,,9/24/1998 0:00,710,Sablefish,315531,SSEI,23,280,Sablefish,710,Retained,1,,900
1998,1004,36488,ALASKAN ROSE,0.75,300,,9/28/1998 0:00,710,Sablefish,315502,SSEI,19,250,Sablefish,710,Retained,1,,2300
1998,1004,36488,ALASKAN ROSE,0.75,300,,9/28/1998 0:00,710,Sablefish,315502,SSEI,20,240,Sablefish,710,Retained,1,,6800
1998,1004,36488,ALASKAN ROSE,0.75,300,,9/28/1998 0:00,710,Sablefish,315502,SSEI,21,250,Sablefish,710,Retained,1,,5300
1998,1005,35564,NAVIGATOR,0.75,150,,9/10/1998 0:00,710,Sablefish,315432,SSEI,26,245,Sablefish,710,Retained,1,,1600
1998,1005,35564,NAVIGATOR,0.75,150,,9/10/1998 0:00,710,Sablefish,315502,SSEI,26,245,Sablefish,710,Retained,1,,1800
1998,1006,35564,NAVIGATOR,0.75,150,,9/16/1998 0:00,710,Sablefish,315432,SSEI,26,237.5,Sablefish,710,Retained,1,,6250
1998,1006,35564,NAVIGATOR,0.75,150,,9/16/1998 0:00,710,Sablefish,315502,SSEI,26,241.6666667,Sablefish,710,Retained,1,,6650
1998,1007,35564,NAVIGATOR,0.75,150,,9/18/1998 0:00,710,Sablefish,315432,SSEI,25,225,Sablefish,710,Released (Quota Limit),3,,500
1998,1007,35564,NAVIGATOR,0.75,150,,9/18/1998 0:00,710,Sablefish,315432,SSEI,25,225,Sablefish,710,Retained,1,,500
1998,1007,35564,NAVIGATOR,0.75,150,,9/18/1998 0:00,710,Sablefish,315432,SSEI,26,235,Sablefish,710,Released (Quota Limit),3,,500
1998,1007,35564,NAVIGATOR,0.75,150,,9/18/1998 0:00,710,Sablefish,315432,SSEI,26,235,Sablefish,710,Retained,1,,1000
1998,1007,35564,NAVIGATOR,0.75,150,,9/18/1998 0:00,710,Sablefish,315502,SSEI,26,234,Sablefish,710,Released (Quota Limit),3,,2100
1998,1007,35564,NAVIGATOR,0.75,150,,9/18/1998 0:00,710,Sablefish,315502,SSEI,26,225,Sablefish,710,Retained,1,,500
1998,1008,36488,ALASKAN ROSE,0.75,300,,10/2/1998 0:00,710,Sablefish,315501,SSEI,19,240,Sablefish,710,Retained,1,,600
1998,1008,36488,ALASKAN ROSE,0.75,300,,10/2/1998 0:00,710,Sablefish,315502,SSEI,19,252.5,Sablefish,710,Retained,1,,2650
1998,1008,36488,ALASKAN ROSE,0.75,300,,10/2/1998 0:00,710,Sablefish,315502,SSEI,20,235,Sablefish,710,Retained,1,,1000
1998,1008,36488,ALASKAN ROSE,0.75,300,,10/2/1998 0:00,710,Sablefish,315502,SSEI,21,255,Sablefish,710,Retained,1,,3300
1998,1008,36488,ALASKAN ROSE,0.75,300,,10/2/1998 0:00,710,Sablefish,325531,SSEI,20,270,Sablefish,710,Retained,1,,900
1998,1009,36488,ALASKAN ROSE,0.75,300,,10/5/1998 0:00,710,Sablefish,315502,SSEI,18,270,Sablefish,710,Retained,1,,1000
1998,1009,36488,ALASKAN ROSE,0.75,300,,10/5/1998 0:00,710,Sablefish,315502,SSEI,20,240,Sablefish,710,Retained,1,,1000
1998,1009,36488,ALASKAN ROSE,0.75,300,,10/5/1998 0:00,710,Sablefish,315502,SSEI,21,250,Sablefish,710,Retained,1,,1900
1998,1009,36488,ALASKAN ROSE,0.75,300,,10/5/1998 0:00,710,Sablefish,325531,SSEI,20,300,Sablefish,710,Retained,1,,500
1998,1010,36488,ALASKAN ROSE,0.75,300,,10/9/1998 0:00,710,Sablefish,315502,SSEI,19,255,Sablefish,710,Retained,1,,1200
1998,1010,36488,ALASKAN ROSE,0.75,300,,10/9/1998 0:00,710,Sablefish,315502,SSEI,20,260,Sablefish,710,Retained,1,,750
1998,1010,36488,ALASKAN ROSE,0.75,300,,10/9/1998 0:00,710,Sablefish,315502,SSEI,21,260,Sablefish,710,Retained,1,,2000
1998,1010,36488,ALASKAN ROSE,0.75,300,,10/9/1998 0:00,710,Sablefish,325531,SSEI,18,330,Sablefish,710,Retained,1,,1600
1998,1010,36488,ALASKAN ROSE,0.75,300,,10/9/1998 0:00,710,Sablefish,325531,SSEI,19,340,Sablefish,710,Retained,1,,500
1998,1010,36488,ALASKAN ROSE,0.75,300,,10/9/1998 0:00,710,Sablefish,325531,SSEI,20,280,Sablefish,710,Retained,1,,150
1998,1010,36488,ALASKAN ROSE,0.75,300,,10/9/1998 0:00,710,Sablefish,325531,SSEI,21,250,Sablefish,710,Retained,1,,1700
1998,1011,36488,ALASKAN ROSE,0.75,300,,10/10/1998 0:00,710,Sablefish,315502,SSEI,21,240,Sablefish,710,Retained,1,,1015
1999,1001,35564,NAVIGATOR,0.75,150,9/1/1999 0:00,9/7/1999 0:00,710,Sablefish,315502,SSEI,25,232.5,Sablefish,710,Retained,1,,4400
1999,1002,35564,NAVIGATOR,0.75,150,,9/10/1999 0:00,710,Sablefish,315502,SSEI,26,250,Sablefish,710,Retained,1,,600
1999,1002,35564,NAVIGATOR,0.75,150,,9/10/1999 0:00,710,Sablefish,315502,SSEI,27,245,Sablefish,710,Retained,1,,12000
1999,1003,36488,ALASKAN ROSE,0.75,300,9/20/1999 0:00,9/26/1999 0:00,710,Sablefish,315502,SSEI,20,270,Sablefish,710,Retained,1,,1800
1999,1003,36488,ALASKAN ROSE,0.75,300,9/20/1999 0:00,9/26/1999 0:00,710,Sablefish,315502,SSEI,23,270,Sablefish,710,Retained,1,,1800
1999,1003,36488,ALASKAN ROSE,0.75,300,9/20/1999 0:00,9/26/1999 0:00,710,Sablefish,315502,SSEI,24,250,Sablefish,710,Retained,1,,5300
1999,1003,36488,ALASKAN ROSE,0.75,300,9/20/1999 0:00,9/26/1999 0:00,710,Sablefish,315502,SSEI,25,250,Sablefish,710,Retained,1,,1900
1999,1003,36488,ALASKAN ROSE,0.75,300,9/20/1999 0:00,9/26/1999 0:00,710,Sablefish,315531,SSEI,24,287.5,Sablefish,710,Retained,1,,8300
1999,1004,36488,ALASKAN ROSE,0.75,300,,9/28/1999 0:00,710,Sablefish,315502,SSEI,21,240,Sablefish,710,Retained,1,,1500
1999,1004,36488,ALASKAN ROSE,0.75,300,,9/28/1999 0:00,710,Sablefish,315502,SSEI,23,240,Sablefish,710,Retained,1,,2200
1999,1004,36488,ALASKAN ROSE,0.75,300,,9/28/1999 0:00,710,Sablefish,315502,SSEI,24,220,Sablefish,710,Retained,1,,3500
1999,1004,36488,ALASKAN ROSE,0.75,300,,9/28/1999 0:00,710,Sablefish,315531,SSEI,24,290,Sablefish,710,Retained,1,,4550
1999,1005,36488,ALASKAN ROSE,0.75,300,,9/30/1999 0:00,710,Sablefish,315502,SSEI,21,250,Sablefish,710,Retained,1,,1200
1999,1005,36488,ALASKAN ROSE,0.75,300,,9/30/1999 0:00,710,Sablefish,315502,SSEI,24,250,Sablefish,710,Retained,1,,7400
1999,1005,36488,ALASKAN ROSE,0.75,300,,9/30/1999 0:00,710,Sablefish,315531,SSEI,24,300,Sablefish,710,Retained,1,,1800
1999,1006,36488,ALASKAN ROSE,0.75,300,,10/3/1999 0:00,710,Sablefish,315502,SSEI,21,250,Sablefish,710,Retained,1,,1500
1999,1006,36488,ALASKAN ROSE,0.75,300,,10/3/1999 0:00,710,Sablefish,315502,SSEI,24,253.3333333,Sablefish,710,Retained,1,,7600
1999,1006,36488,ALASKAN ROSE,0.75,300,,10/3/1999 0:00,710,Sablefish,315531,SSEI,24,300,Sablefish,710,Retained,1,,3000
1999,1007,36488,ALASKAN ROSE,0.75,300,,10/8/1999 0:00,710,Sablefish,315502,SSEI,24,256.6666667,Sablefish,710,Retained,1,,4400
1999,1007,36488,ALASKAN ROSE,0.75,300,,10/8/1999 0:00,710,Sablefish,315531,SSEI,24,290,Sablefish,710,Retained,1,,2200
1999,1008,35564,NAVIGATOR,0.75,150,9/10/1999 0:00,9/12/1999 0:00,710,Sablefish,315502,SSEI,27,230,Sablefish,710,Released (Quota Limit),3,,1200
1999,1008,35564,NAVIGATOR,0.75,150,9/10/1999 0:00,9/12/1999 0:00,710,Sablefish,315502,SSEI,27,236.25,Sablefish,710,Retained,1,,4810
1999,1009,35564,NAVIGATOR,0.75,150,9/12/1999 0:00,9/13/1999 0:00,710,Sablefish,315502,SSEI,7,230,Sablefish,710,,,,310
2000,1001,36488,ALASKAN ROSE,0.75,300,8/31/2000 0:00,9/4/2000 0:00,710,Sablefish,315502,SSEI,24,265,Sablefish,710,Retained,1,,800
2000,1001,36488,ALASKAN ROSE,0.75,300,8/31/2000 0:00,9/4/2000 0:00,710,Sablefish,315502,SSEI,27,250,Sablefish,710,Retained,1,,500
2000,1001,36488,ALASKAN ROSE,0.75,300,8/31/2000 0:00,9/4/2000 0:00,710,Sablefish,315531,SSEI,24,290,Sablefish,710,Retained,1,,1500
2000,1001,36488,ALASKAN ROSE,0.75,300,8/31/2000 0:00,9/4/2000 0:00,710,Sablefish,315531,SSEI,25,290,Sablefish,710,Retained,1,,500
2000,1002,36488,ALASKAN ROSE,0.75,324,,9/6/2000 0:00,710,Sablefish,315502,SSEI,25,260,Sablefish,710,Retained,1,,2950
2000,1002,36488,ALASKAN ROSE,0.75,324,,9/6/2000 0:00,710,Sablefish,315531,SSEI,24,270,Sablefish,710,Retained,1,,1800
2000,1002,36488,ALASKAN ROSE,0.75,324,,9/6/2000 0:00,710,Sablefish,315531,SSEI,25,250,Sablefish,710,Retained,1,,2000
2000,1003,36488,ALASKAN ROSE,0.75,324,,9/8/2000 0:00,710,Sablefish,315502,SSEI,24,240,Sablefish,710,Retained,1,,1500
2000,1003,36488,ALASKAN ROSE,0.75,324,,9/8/2000 0:00,710,Sablefish,315502,SSEI,25,250,Sablefish,710,Retained,1,,1800
2000,1003,36488,ALASKAN ROSE,0.75,324,,9/8/2000 0:00,710,Sablefish,315531,SSEI,25,275,Sablefish,710,Retained,1,,3700
2000,1004,36488,ALASKAN ROSE,0.75,300,,9/10/2000 0:00,710,Sablefish,315502,SSEI,24,260,Sablefish,710,Retained,1,,1800
2000,1004,36488,ALASKAN ROSE,0.75,300,,9/10/2000 0:00,710,Sablefish,315502,SSEI,25,240,Sablefish,710,Retained,1,,1500
2000,1004,36488,ALASKAN ROSE,0.75,300,,9/10/2000 0:00,710,Sablefish,315531,SSEI,25,290,Sablefish,710,Retained,1,,3500
2000,1005,36488,ALASKAN ROSE,0.75,300,,9/12/2000 0:00,710,Sablefish,315502,SSEI,25,245,Sablefish,710,Retained,1,,4000
2000,1005,36488,ALASKAN ROSE,0.75,300,,9/12/2000 0:00,710,Sablefish,315531,SSEI,25,290,Sablefish,710,Retained,1,,3000
2000,1006,36488,ALASKAN ROSE,0.75,300,,9/14/2000 0:00,710,Sablefish,315502,SSEI,25,245,Sablefish,710,Retained,1,,3600
2000,1006,36488,ALASKAN ROSE,0.75,300,,9/14/2000 0:00,710,Sablefish,315531,SSEI,25,220,Sablefish,710,Retained,1,,1900
2000,1006,36488,ALASKAN ROSE,0.75,300,,9/14/2000 0:00,710,Sablefish,315531,SSEI,25,290,Sablefish,710,,,,800
2000,1007,36488,ALASKAN ROSE,0.75,300,,9/16/2000 0:00,710,Sablefish,315502,SSEI,25,256.6666667,Sablefish,710,Retained,1,,4600
2000,1008,35564,NAVIGATOR,0.75,150,,9/16/2000 0:00,710,Sablefish,315432,SSEI,24,240,Sablefish,710,Retained,1,,1000
2000,1008,35564,NAVIGATOR,0.75,150,,9/16/2000 0:00,710,Sablefish,315432,SSEI,25,245,Sablefish,710,Retained,1,,2000
2000,1008,35564,NAVIGATOR,0.75,150,,9/16/2000 0:00,710,Sablefish,315502,SSEI,25,220,Sablefish,710,Retained,1,,1700
2000,1009,35564,NAVIGATOR,0.75,150,,9/13/2000 0:00,710,Sablefish,315432,SSEI,25,241.25,Sablefish,710,Retained,1,,3050
2000,1009,35564,NAVIGATOR,0.75,150,,9/13/2000 0:00,710,Sablefish,315502,SSEI,25,231.25,Sablefish,710,Retained,1,,3000
2000,1010,35564,NAVIGATOR,0.75,150,,9/9/2000 0:00,710,Sablefish,315432,SSEI,25,241.25,Sablefish,710,Retained,1,,2700
2000,1010,35564,NAVIGATOR,0.75,150,,9/9/2000 0:00,710,Sablefish,315502,SSEI,25,228.25,Sablefish,710,Retained,1,,2800
2000,1011,35564,NAVIGATOR,0.75,150,9/3/2000 0:00,9/6/2000 0:00,710,Sablefish,315432,SSEI,25,240,Sablefish,710,Retained,1,,700
2000,1011,35564,NAVIGATOR,0.75,150,9/3/2000 0:00,9/6/2000 0:00,710,Sablefish,315502,SSEI,25,223.3333333,Sablefish,710,Retained,1,,800
2000,1012,36488,ALASKAN ROSE,0.75,300,,9/18/2000 0:00,710,Sablefish,315502,SSEI,25,247.5,Sablefish,710,Retained,1,,4100
2000,1012,36488,ALASKAN ROSE,0.75,300,,9/18/2000 0:00,710,Sablefish,315531,SSEI,25,290,Sablefish,710,Retained,1,,1500
2000,1013,36488,ALASKAN ROSE,0.75,300,,9/20/2000 0:00,710,Sablefish,315502,SSEI,25,252.5,Sablefish,710,Retained,1,,6850
2000,1014,36488,ALASKAN ROSE,0.75,300,,9/22/2000 0:00,710,Sablefish,315502,SSEI,25,255,Sablefish,710,Retained,1,,6900
2000,1015,36488,ALASKAN ROSE,0.75,300,,9/24/2000 0:00,710,Sablefish,315502,SSEI,25,245,Sablefish,710,Retained,1,,5400
2000,1016,35564,NAVIGATOR,0.75,150,,9/19/2000 0:00,710,Sablefish,315432,SSEI,25,233.3333333,Sablefish,710,Retained,1,,2450
2000,1017,36488,ALASKAN ROSE,0.75,300,,9/26/2000 0:00,710,Sablefish,315502,SSEI,25,260,Sablefish,710,Retained,1,,6400
2000,1018,36488,ALASKAN ROSE,0.75,300,,9/28/2000 0:00,710,Sablefish,315502,SSEI,25,255,Sablefish,710,Retained,1,,4600
2000,1019,36488,ALASKAN ROSE,0.75,300,,9/29/2000 0:00,710,Sablefish,315502,SSEI,25,250,Sablefish,710,Retained,1,,2100
2000,1020,36488,ALASKAN ROSE,0.75,300,,9/30/2000 0:00,710,Sablefish,315502,SSEI,25,250,Sablefish,710,Retained,1,,550
2001,1001,35564,NAVIGATOR,0.75,150,9/9/2001 0:00,9/11/2001 0:00,710,Sablefish,315432,SSEI,15,220,Sablefish,710,Retained,1,,350
2001,1001,35564,NAVIGATOR,0.75,150,9/9/2001 0:00,9/11/2001 0:00,710,Sablefish,315432,SSEI,25,231,Sablefish,710,Retained,1,,600
2001,1001,35564,NAVIGATOR,0.75,150,9/9/2001 0:00,9/11/2001 0:00,710,Sablefish,315502,SSEI,25,241.2857143,Sablefish,710,Retained,1,,2500
2001,1002,35564,NAVIGATOR,0.75,150,,9/15/2001 0:00,710,Sablefish,315432,SSEI,15,220,Sablefish,710,Retained,1,,600
2001,1002,35564,NAVIGATOR,0.75,150,,9/15/2001 0:00,710,Sablefish,315432,SSEI,25,229,Sablefish,710,Retained,1,,1550
2001,1002,35564,NAVIGATOR,0.75,150,,9/15/2001 0:00,710,Sablefish,315502,SSEI,15,214,Sablefish,710,Retained,1,,400
2001,1002,35564,NAVIGATOR,0.75,150,,9/15/2001 0:00,710,Sablefish,315502,SSEI,25,238,Sablefish,710,Retained,1,,2550
2001,1003,35564,NAVIGATOR,0.75,150,,9/17/2001 0:00,710,Sablefish,315432,SSEI,25,240,Sablefish,710,Retained,1,,500
2001,1003,35564,NAVIGATOR,0.75,150,,9/17/2001 0:00,710,Sablefish,315502,SSEI,15,230,Sablefish,710,Retained,1,,500
2001,1003,35564,NAVIGATOR,0.75,150,,9/17/2001 0:00,710,Sablefish,315502,SSEI,25,250,Sablefish,710,Retained,1,,1600
2001,1004,35564,NAVIGATOR,0.75,150,,9/21/2001 0:00,710,Sablefish,315432,SSEI,25,240,Sablefish,710,Retained,1,,500
2001,1004,35564,NAVIGATOR,0.75,150,,9/21/2001 0:00,710,Sablefish,315502,SSEI,15,205,Sablefish,710,Retained,1,,300
2001,1004,35564,NAVIGATOR,0.75,150,,9/21/2001 0:00,710,Sablefish,315502,SSEI,25,232.3333333,Sablefish,710,Retained,1,,1650
2001,1005,35564,NAVIGATOR,0.75,150,,9/24/2001 0:00,710,Sablefish,315432,SSEI,25,240,Sablefish,710,Retained,1,,800
2001,1005,35564,NAVIGATOR,0.75,150,,9/24/2001 0:00,710,Sablefish,315502,SSEI,15,240,Sablefish,710,Retained,1,,400
2001,1005,35564,NAVIGATOR,0.75,150,,9/24/2001 0:00,710,Sablefish,315502,SSEI,25,245,Sablefish,710,Retained,1,,1050
2001,1006,36488,ALASKAN ROSE,0.75,300,,9/24/2001 0:00,710,Sablefish,315502,SSEI,25,247.5,Sablefish,710,Retained,1,,5100
2001,1006,36488,ALASKAN ROSE,0.75,300,,9/24/2001 0:00,710,Sablefish,315531,SSEI,25,300,Sablefish,710,Retained,1,,2600
2001,1007,35564,NAVIGATOR,0.75,150,,9/26/2001 0:00,710,Sablefish,315432,SSEI,25,240,Sablefish,710,Retained,1,,700
2001,1007,35564,NAVIGATOR,0.75,150,,9/26/2001 0:00,710,Sablefish,315502,SSEI,15,250,Sablefish,710,Retained,1,,200
2001,1007,35564,NAVIGATOR,0.75,150,,9/26/2001 0:00,710,Sablefish,315502,SSEI,25,240,Sablefish,710,Retained,1,,1100
2001,1008,35564,NAVIGATOR,0.75,150,,9/29/2001 0:00,710,Sablefish,315432,SSEI,25,235,Sablefish,710,Retained,1,,1400
2001,1008,35564,NAVIGATOR,0.75,150,,9/29/2001 0:00,710,Sablefish,315502,SSEI,15,240,Sablefish,710,Retained,1,,350
2001,1008,35564,NAVIGATOR,0.75,150,,9/29/2001 0:00,710,Sablefish,315502,SSEI,25,248.75,Sablefish,710,Retained,1,,1200
2001,1009,36488,ALASKAN ROSE,0.75,300,,9/27/2001 0:00,710,Sablefish,315502,SSEI,25,250,Sablefish,710,Retained,1,,7600
2001,1009,36488,ALASKAN ROSE,0.75,300,,9/27/2001 0:00,710,Sablefish,315531,SSEI,25,296.6666667,Sablefish,710,Retained,1,,4100
2001,1010,36488,ALASKAN ROSE,0.75,300,,9/28/2001 0:00,710,Sablefish,315502,SSEI,25,240,Sablefish,710,Retained,1,,6400
2001,1010,36488,ALASKAN ROSE,0.75,300,,9/28/2001 0:00,710,Sablefish,315531,SSEI,25,295,Sablefish,710,Retained,1,,2800
2001,1011,36488,ALASKAN ROSE,0.75,300,9/27/2001 0:00,9/29/2001 0:00,710,Sablefish,315502,SSEI,25,242.5,Sablefish,710,Retained,1,,5200
2001,1011,36488,ALASKAN ROSE,0.75,300,9/27/2001 0:00,9/29/2001 0:00,710,Sablefish,315531,SSEI,25,280,Sablefish,710,Retained,1,,1600
2001,1012,36488,ALASKAN ROSE,0.75,250,,10/2/2001 0:00,710,Sablefish,315502,SSEI,25,240,Sablefish,710,Retained,1,,10400
2001,1012,36488,ALASKAN ROSE,0.75,250,,10/2/2001 0:00,710,Sablefish,315531,SSEI,25,280,Sablefish,710,Retained,1,,3000
2001,1013,35564,NAVIGATOR,0.75,150,,10/2/2001 0:00,710,Sablefish,315432,SSEI,25,241.6666667,Sablefish,710,Retained,1,,1850
2001,1013,35564,NAVIGATOR,0.75,150,,10/2/2001 0:00,710,Sablefish,315502,SSEI,15,250,Sablefish,710,Retained,1,,800
2001,1013,35564,NAVIGATOR,0.75,150,,10/2/2001 0:00,710,Sablefish,315502,SSEI,25,240,Sablefish,710,Retained,1,,800
2001,1014,36488,ALASKAN ROSE,0.75,250,,10/5/2001 0:00,710,Sablefish,315502,SSEI,25,255,Sablefish,710,Retained,1,,12100
2001,1014,36488,ALASKAN ROSE,0.75,250,,10/5/2001 0:00,710,Sablefish,315531,SSEI,25,280,Sablefish,710,Retained,1,,2300
2001,1015,36488,ALASKAN ROSE,0.75,250,,10/6/2001 0:00,710,Sablefish,315502,SSEI,25,247.5,Sablefish,710,Retained,1,,6600
2001,1016,36488,ALASKAN ROSE,0.75,250,,10/8/2001 0:00,710,Sablefish,315502,SSEI,25,255,Sablefish,710,Retained,1,,3100
2002,4001,35564,NAVIGATOR,0.75,150,9/1/2002 0:00,9/6/2002 0:00,710,Sablefish,315502,SSEI,25,244.6666667,Sablefish,710,Retained,1,,7250
2002,4002,35564,NAVIGATOR,0.75,150,,9/14/2002 0:00,710,Sablefish,315502,SSEI,23,250,Sablefish,710,Retained,1,,200
2002,4002,35564,NAVIGATOR,0.75,150,,9/14/2002 0:00,710,Sablefish,315502,SSEI,25,245.7142857,Sablefish,710,Retained,1,,9900
2002,4003,35564,NAVIGATOR,0.75,150,,9/18/2002 0:00,710,Sablefish,315502,SSEI,23,248.6666667,Sablefish,710,Retained,1,,3000
2002,4003,35564,NAVIGATOR,0.75,150,,9/18/2002 0:00,710,Sablefish,315502,SSEI,25,252.5,Sablefish,710,Retained,1,,2400
2002,4004,35564,NAVIGATOR,0.75,150,,9/19/2002 0:00,710,Sablefish,315502,SSEI,23,238,Sablefish,710,Retained,1,,600
2002,4004,35564,NAVIGATOR,0.75,150,,9/19/2002 0:00,710,Sablefish,315502,SSEI,25,248.3333333,Sablefish,710,Retained,1,,1400
2002,4005,36488,ALASKAN ROSE,0.75,300,,9/24/2002 0:00,710,Sablefish,315502,SSEI,24,250,Sablefish,710,Retained,1,,6000
2002,4005,36488,ALASKAN ROSE,0.75,300,,9/24/2002 0:00,710,Sablefish,315502,SSEI,25,240,Sablefish,710,Retained,1,,4500
2002,4005,36488,ALASKAN ROSE,0.75,300,,9/24/2002 0:00,710,Sablefish,315531,SSEI,24,286.6666667,Sablefish,710,Retained,1,,7150
2002,4005,36488,ALASKAN ROSE,0.75,300,,9/24/2002 0:00,710,Sablefish,315531,SSEI,25,300,Sablefish,710,Retained,1,,2200
2002,4006,36488,ALASKAN ROSE,0.75,300,,9/26/2002 0:00,710,Sablefish,315502,SSEI,24,250,Sablefish,710,Retained,1,,1200
2002,4006,36488,ALASKAN ROSE,0.75,300,,9/26/2002 0:00,710,Sablefish,315502,SSEI,25,250,Sablefish,710,Retained,1,,4900
2002,4006,36488,ALASKAN ROSE,0.75,300,,9/26/2002 0:00,710,Sablefish,315531,SSEI,24,280,Sablefish,710,Retained,1,,1200
2002,4006,36488,ALASKAN ROSE,0.75,300,,9/26/2002 0:00,710,Sablefish,315531,SSEI,25,280,Sablefish,710,Retained,1,,2600
2002,4007,36488,ALASKAN ROSE,0.75,300,,9/28/2002 0:00,710,Sablefish,315502,SSEI,24,235,Sablefish,710,Retained,1,,4400
2002,4007,36488,ALASKAN ROSE,0.75,300,,9/28/2002 0:00,710,Sablefish,315502,SSEI,25,220,Sablefish,710,Retained,1,,2000
2002,4007,36488,ALASKAN ROSE,0.75,300,,9/28/2002 0:00,710,Sablefish,315531,SSEI,24,280,Sablefish,710,Retained,1,,1500
2002,4007,36488,ALASKAN ROSE,0.75,300,,9/28/2002 0:00,710,Sablefish,315531,SSEI,25,270,Sablefish,710,Retained,1,,2000
2002,4008,36488,ALASKAN ROSE,0.75,300,,9/30/2002 0:00,710,Sablefish,315502,SSEI,24,245,Sablefish,710,Retained,1,,3000
2002,4008,36488,ALASKAN ROSE,0.75,300,,9/30/2002 0:00,710,Sablefish,315502,SSEI,25,245,Sablefish,710,Retained,1,,3500
2002,4008,36488,ALASKAN ROSE,0.75,300,,9/30/2002 0:00,710,Sablefish,315531,SSEI,24,280,Sablefish,710,Retained,1,,2000
2002,4009,36488,ALASKAN ROSE,0.75,300,,10/1/2002 0:00,710,Sablefish,315502,SSEI,24,235,Sablefish,710,Retained,1,,1900
2002,4009,36488,ALASKAN ROSE,0.75,300,,10/1/2002 0:00,710,Sablefish,315502,SSEI,25,230,Sablefish,710,Retained,1,,2800
2002,4009,36488,ALASKAN ROSE,0.75,300,,10/1/2002 0:00,710,Sablefish,315531,SSEI,24,280,Sablefish,710,Retained,1,,1300
2002,4010,36488,ALASKAN ROSE,0.75,300,,10/3/2002 0:00,710,Sablefish,315502,SSEI,24,240,Sablefish,710,Retained,1,,1000
2002,4010,36488,ALASKAN ROSE,0.75,300,,10/3/2002 0:00,710,Sablefish,315502,SSEI,25,243.3333333,Sablefish,710,Retained,1,,7100
2002,4010,36488,ALASKAN ROSE,0.75,300,,10/3/2002 0:00,710,Sablefish,315531,SSEI,24,280,Sablefish,710,Retained,1,,1200
2002,4011,36488,ALASKAN ROSE,0.75,300,,10/4/2002 0:00,710,Sablefish,315502,SSEI,24,235,Sablefish,710,,,,2400
2002,4011,36488,ALASKAN ROSE,0.75,300,,10/4/2002 0:00,710,Sablefish,315502,SSEI,25,250,Sablefish,710,Released,2,,1500
2002,4011,36488,ALASKAN ROSE,0.75,300,,10/4/2002 0:00,710,Sablefish,315502,SSEI,25,245,Sablefish,710,,,,3200
2002,4012,36488,ALASKAN ROSE,0.75,300,,10/4/2002 0:00,710,Sablefish,315502,SSEI,24,250,Sablefish,710,,,,1400
2002,4012,36488,ALASKAN ROSE,0.75,300,,10/4/2002 0:00,710,Sablefish,315502,SSEI,25,225,Sablefish,710,Released (Quota Limit),3,,1500
2003,4001,35564,NAVIGATOR,0.75,150,9/1/2003 0:00,9/7/2003 0:00,710,Sablefish,315502,SSEI,18,200,Sablefish,710,Retained,1,,500
2003,4001,35564,NAVIGATOR,0.75,150,9/1/2003 0:00,9/7/2003 0:00,710,Sablefish,315502,SSEI,25,243.75,Sablefish,710,Retained,1,,10700
2003,4002,35564,NAVIGATOR,0.75,150,9/6/2003 0:00,9/10/2003 0:00,710,Sablefish,315502,SSEI,25,244.9,Sablefish,710,Retained,1,,11350
2003,4003,35564,NAVIGATOR,0.75,150,9/9/2003 0:00,9/12/2003 0:00,710,Sablefish,315502,SSEI,25,242.5,Sablefish,710,Released (Quota Limit),3,,1800
2003,4003,35564,NAVIGATOR,0.75,150,9/9/2003 0:00,9/12/2003 0:00,710,Sablefish,315502,SSEI,25,237.5,Sablefish,710,Retained,1,,1800
2003,4004,36488,ALASKAN ROSE,0.75,300,,9/22/2003 0:00,710,Sablefish,315502,SSEI,25,220,Sablefish,710,Retained,1,,2700
2003,4004,36488,ALASKAN ROSE,0.75,300,,9/22/2003 0:00,710,Sablefish,315531,SSEI,25,295,Sablefish,710,Retained,1,,4500
2003,4005,36488,ALASKAN ROSE,0.75,300,,9/23/2003 0:00,710,Sablefish,315502,SSEI,25,245,Sablefish,710,Retained,1,,8800
2003,4005,36488,ALASKAN ROSE,0.75,300,,9/23/2003 0:00,710,Sablefish,315531,SSEI,25,290,Sablefish,710,Retained,1,,5000
2003,4006,36488,ALASKAN ROSE,0.75,300,,9/23/2003 0:00,710,Sablefish,315502,SSEI,25,240,Sablefish,710,Retained,1,,2000
2003,4006,36488,ALASKAN ROSE,0.75,300,,9/23/2003 0:00,710,Sablefish,315531,SSEI,25,280,Sablefish,710,Retained,1,,3400
2003,4007,36488,ALASKAN ROSE,0.75,300,,9/27/2003 0:00,710,Sablefish,315502,SSEI,25,243.3333333,Sablefish,710,Retained,1,,11000
2003,4008,36488,ALASKAN ROSE,0.75,300,,9/29/2003 0:00,710,Sablefish,315502,SSEI,25,236.6666667,Sablefish,710,Retained,1,,7300
2003,4008,36488,ALASKAN ROSE,0.75,300,,9/29/2003 0:00,710,Sablefish,315531,SSEI,25,280,Sablefish,710,Retained,1,,10400
2003,4009,36488,ALASKAN ROSE,0.75,300,,10/1/2003 0:00,710,Sablefish,315502,SSEI,25,243.3333333,Sablefish,710,Retained,1,,7600
2003,4009,36488,ALASKAN ROSE,0.75,300,,10/1/2003 0:00,710,Sablefish,315531,SSEI,25,265,Sablefish,710,Retained,1,,4200
2003,4010,36488,ALASKAN ROSE,0.75,300,,10/2/2003 0:00,710,Sablefish,315502,SSEI,25,250,Sablefish,710,Retained,1,,7000
2003,4010,36488,ALASKAN ROSE,0.75,300,,10/2/2003 0:00,710,Sablefish,315531,SSEI,25,280,Sablefish,710,Retained,1,,1700
2003,4011,36488,ALASKAN ROSE,0.75,300,,10/2/2003 0:00,710,Sablefish,315502,SSEI,25,270,Sablefish,710,Released (Quota Limit),3,,900
2003,4011,36488,ALASKAN ROSE,0.75,300,,10/2/2003 0:00,710,Sablefish,315502,SSEI,25,270,Sablefish,710,Retained,1,,1000
2003,4011,36488,ALASKAN ROSE,0.75,300,,10/2/2003 0:00,710,Sablefish,315531,SSEI,25,290,Sablefish,710,Retained,1,,800
2004,4001,35564,NAVIGATOR,0.75,150,9/2/2004 0:00,9/6/2004 0:00,710,Sablefish,315502,SSEI,25,238.75,Sablefish,710,Retained,1,,8200
2004,4002,35564,NAVIGATOR,0.75,150,,9/10/2004 0:00,710,Sablefish,315502,SSEI,25,249,Sablefish,710,Retained,1,,4600
2004,4003,35564,NAVIGATOR,0.75,150,,9/16/2004 0:00,710,Sablefish,315502,SSEI,25,251.5,Sablefish,710,Retained,1,,5650
2004,4004,35564,NAVIGATOR,0.75,150,,9/20/2004 0:00,710,Sablefish,315502,SSEI,25,240.8,Sablefish,710,Retained,1,,5000
2004,4005,36488,ALASKAN ROSE,0.75,300,,10/4/2004 0:00,710,Sablefish,315502,SSEI,25,241.4285714,Sablefish,710,Retained,1,,9100
2004,4005,36488,ALASKAN ROSE,0.75,300,,10/4/2004 0:00,710,Sablefish,315531,SSEI,25,270,Sablefish,710,Retained,1,,6100
2004,4006,36488,ALASKAN ROSE,0.75,300,,10/6/2004 0:00,710,Sablefish,315502,SSEI,25,236.6666667,Sablefish,710,Retained,1,,5000
2004,4007,36488,ALASKAN ROSE,0.75,300,,10/11/2004 0:00,710,Sablefish,315502,SSEI,25,240,Sablefish,710,Retained,1,,13500
2004,4007,36488,ALASKAN ROSE,0.75,300,,10/11/2004 0:00,710,Sablefish,315531,SSEI,25,270,Sablefish,710,Retained,1,,5200
2004,4008,36488,ALASKAN ROSE,0.75,300,,10/15/2004 0:00,710,Sablefish,315502,SSEI,25,242.1428571,Sablefish,710,Retained,1,,16800
2004,4009,36488,ALASKAN ROSE,0.75,300,,10/15/2004 0:00,710,Sablefish,315502,SSEI,25,240,Sablefish,710,Retained,1,,1800
2004,4010,36488,ALASKAN ROSE,0.75,300,,10/19/2004 0:00,710,Sablefish,315502,SSEI,25,235.8333333,Sablefish,710,Retained,1,,11600
2004,4010,36488,ALASKAN ROSE,0.75,300,,10/19/2004 0:00,710,Sablefish,315531,SSEI,25,270,Sablefish,710,Retained,1,,2700
2004,4011,36488,ALASKAN ROSE,0.75,300,,10/21/2004 0:00,710,Sablefish,315502,SSEI,25,245,Sablefish,710,Retained,1,,4650
2004,4011,36488,ALASKAN ROSE,0.75,300,,10/21/2004 0:00,710,Sablefish,315531,SSEI,25,280,Sablefish,710,Retained,1,,2000
2004,4012,36488,ALASKAN ROSE,0.75,300,,10/25/2004 0:00,710,Sablefish,315502,SSEI,25,242.5,Sablefish,710,Retained,1,,3900
2005,4001,35564,NAVIGATOR,0.75,150,9/3/2005 0:00,9/9/2005 0:00,710,Sablefish,315502,SSEI,25,250.3,Sablefish,710,Retained,1,,4150
2005,4002,35564,NAVIGATOR,0.75,150,,9/13/2005 0:00,710,Sablefish,315502,SSEI,25,241.6666667,Sablefish,710,Retained,1,,4750
2005,4003,35564,NAVIGATOR,0.75,150,,9/18/2005 0:00,710,Sablefish,315502,SSEI,25,237,Sablefish,710,Retained,1,,3800
2005,4004,35564,NAVIGATOR,0.75,150,,9/24/2005 0:00,710,Sablefish,315502,SSEI,25,242.6666667,Sablefish,710,Retained,1,,6500
2005,4005,35564,NAVIGATOR,0.75,150,,9/26/2005 0:00,710,Sablefish,315502,SSEI,25,240,Sablefish,710,Released (Quota Limit),3,,300
2005,4005,35564,NAVIGATOR,0.75,150,,9/26/2005 0:00,710,Sablefish,315502,SSEI,25,248.75,Sablefish,710,Retained,1,,1200
2005,4006,36488,ALASKAN ROSE,0.75,300,,9/24/2005 0:00,710,Sablefish,315502,SSEI,25,241.6666667,Sablefish,710,Retained,1,,9300
2005,4006,36488,ALASKAN ROSE,0.75,300,,9/24/2005 0:00,710,Sablefish,315531,SSEI,25,272,Sablefish,710,Retained,1,,6400
2005,4007,36488,ALASKAN ROSE,0.75,300,,9/27/2005 0:00,710,Sablefish,315502,SSEI,25,246.6666667,Sablefish,710,Retained,1,,6250
2005,4007,36488,ALASKAN ROSE,0.75,300,,9/27/2005 0:00,710,Sablefish,315531,SSEI,25,260,Sablefish,710,Retained,1,,4050
2005,4008,36488,ALASKAN ROSE,0.75,300,,9/27/2005 0:00,710,Sablefish,315531,SSEI,25,260,Sablefish,710,Retained,1,,500
2005,4009,36488,ALASKAN ROSE,0.75,300,,9/30/2005 0:00,710,Sablefish,315502,SSEI,25,250,Sablefish,710,Retained,1,,7800
2005,4009,36488,ALASKAN ROSE,0.75,300,,9/30/2005 0:00,710,Sablefish,315531,SSEI,25,270,Sablefish,710,Retained,1,,1800
2005,4010,36488,ALASKAN ROSE,0.75,300,,10/4/2005 0:00,710,Sablefish,315502,SSEI,25,242.5,Sablefish,710,Retained,1,,12300
2005,4010,36488,ALASKAN ROSE,0.75,300,,10/4/2005 0:00,710,Sablefish,315531,SSEI,25,265,Sablefish,710,Retained,1,,2900
2005,4011,36488,ALASKAN ROSE,0.75,300,,10/7/2005 0:00,710,Sablefish,315502,SSEI,25,240,Sablefish,710,Retained,1,,5900
2005,4011,36488,ALASKAN ROSE,0.75,300,,10/7/2005 0:00,710,Sablefish,315531,SSEI,25,255,Sablefish,710,Retained,1,,3000
2005,4012,36488,ALASKAN ROSE,0.75,300,,10/11/2005 0:00,710,Sablefish,315502,SSEI,25,237.5,Sablefish,710,Retained,1,,4900
2005,4012,36488,ALASKAN ROSE,0.75,300,,10/11/2005 0:00,710,Sablefish,315531,SSEI,25,260,Sablefish,710,Retained,1,,2100
2005,4013,36488,ALASKAN ROSE,0.75,300,,10/13/2005 0:00,710,Sablefish,315502,SSEI,25,242.5,Sablefish,710,Retained,1,,3200
2005,4013,36488,ALASKAN ROSE,0.75,300,,10/13/2005 0:00,710,Sablefish,315531,SSEI,25,260,Sablefish,710,Retained,1,,1500
2005,4014,36488,ALASKAN ROSE,0.75,300,,10/15/2005 0:00,710,Sablefish,315502,SSEI,25,235,Sablefish,710,Retained,1,,3100
2005,4014,36488,ALASKAN ROSE,0.75,300,,10/15/2005 0:00,710,Sablefish,315531,SSEI,25,260,Sablefish,710,Retained,1,,900
2005,4015,36488,ALASKAN ROSE,0.75,300,,10/19/2005 0:00,710,Sablefish,315502,SSEI,25,260,Sablefish,710,Released (Quota Limit),3,,900
2005,4015,36488,ALASKAN ROSE,0.75,300,,10/19/2005 0:00,710,Sablefish,315502,SSEI,25,235,Sablefish,710,Retained,1,,2100
2005,4015,36488,ALASKAN ROSE,0.75,300,,10/19/2005 0:00,710,Sablefish,315502,SSEI,25,240,Sablefish,710,,,,800
2005,4015,36488,ALASKAN ROSE,0.75,300,,10/19/2005 0:00,710,Sablefish,315531,SSEI,25,260,Sablefish,710,Retained,1,,1100
2006,4001,35564,NAVIGATOR,0.75,150,9/1/2006 0:00,9/7/2006 0:00,710,Sablefish,315502,SSEI,25,240.25,Sablefish,710,Retained,1,,6400
2006,4002,36488,ALASKAN ROSE,0.75,300,,9/17/2006 0:00,710,Sablefish,315502,SSEI,26,232.5,Sablefish,710,Retained,1,,5350
2006,4002,36488,ALASKAN ROSE,0.75,300,,9/17/2006 0:00,710,Sablefish,315531,SSEI,26,260,Sablefish,710,Retained,1,,1300
2006,4003,35564,NAVIGATOR,0.75,150,,9/19/2006 0:00,710,Sablefish,315502,SSEI,25,240.8333333,Sablefish,710,Retained,1,,4925
2006,4004,36488,ALASKAN ROSE,0.75,300,,9/26/2006 0:00,710,Sablefish,315502,SSEI,26,229.2857143,Sablefish,710,Retained,1,,7600
2006,4004,36488,ALASKAN ROSE,0.75,300,,9/26/2006 0:00,710,Sablefish,315531,SSEI,26,260,Sablefish,710,Retained,1,,1900
2006,4005,36488,ALASKAN ROSE,0.75,300,,9/28/2006 0:00,710,Sablefish,315502,SSEI,26,230,Sablefish,710,Retained,1,,4000
2006,4005,36488,ALASKAN ROSE,0.75,300,,9/28/2006 0:00,710,Sablefish,315531,SSEI,26,240,Sablefish,710,Retained,1,,1800
2006,4006,36488,ALASKAN ROSE,0.75,300,,9/20/2006 0:00,710,Sablefish,315502,SSEI,26,235,Sablefish,710,Retained,1,,7000
2006,4006,36488,ALASKAN ROSE,0.75,300,,9/20/2006 0:00,710,Sablefish,315531,SSEI,26,260,Sablefish,710,Retained,1,,2500
2006,4007,35564,NAVIGATOR,0.75,150,,9/15/2006 0:00,710,Sablefish,315502,SSEI,25,236.9166667,Sablefish,710,Retained,1,,4850
2006,4008,36488,ALASKAN ROSE,0.75,300,,9/22/2006 0:00,710,Sablefish,315502,SSEI,26,240,Sablefish,710,Retained,1,,4700
2006,4008,36488,ALASKAN ROSE,0.75,300,,9/22/2006 0:00,710,Sablefish,315531,SSEI,26,260,Sablefish,710,Retained,1,,1500
2006,4009,36488,ALASKAN ROSE,0.75,300,9/6/2006 0:00,9/11/2006 0:00,710,Sablefish,315502,SSEI,26,248.3333333,Sablefish,710,Retained,1,,8000
2006,4009,36488,ALASKAN ROSE,0.75,300,9/6/2006 0:00,9/11/2006 0:00,710,Sablefish,315531,SSEI,26,270,Sablefish,710,Retained,1,,4200
2006,4010,36488,ALASKAN ROSE,0.75,300,,9/15/2006 0:00,710,Sablefish,315502,SSEI,26,241.5,Sablefish,710,Retained,1,,12400
2006,4010,36488,ALASKAN ROSE,0.75,300,,9/15/2006 0:00,710,Sablefish,315531,SSEI,26,264,Sablefish,710,Retained,1,,6200
2007,4001,35564,NAVIGATOR,0.75,150,9/1/2007 0:00,9/5/2007 0:00,710,Sablefish,315502,SSEI,25,246,Sablefish,710,Retained,1,,5450
2007,4002,35564,NAVIGATOR,0.75,150,,9/10/2007 0:00,710,Sablefish,315502,SSEI,25,238.75,Sablefish,710,Retained,1,,9150
2007,4003,35564,NAVIGATOR,0.75,150,,9/13/2007 0:00,710,Sablefish,315502,SSEI,25,243,Sablefish,710,Retained,1,,5700
2007,4004,35564,NAVIGATOR,0.75,150,,9/14/2007 0:00,710,Sablefish,315502,SSEI,25,252.5,Sablefish,710,Retained,1,,550
2007,4005,36488,ALASKAN ROSE,0.75,240,9/11/2007 0:00,9/15/2007 0:00,710,Sablefish,315502,SSEI,25,243.3333333,Sablefish,710,Retained,1,,4100
2007,4005,36488,ALASKAN ROSE,0.75,240,9/11/2007 0:00,9/15/2007 0:00,710,Sablefish,315531,SSEI,25,265,Sablefish,710,Retained,1,,2200
2007,4006,36488,ALASKAN ROSE,0.75,240,,9/17/2007 0:00,710,Sablefish,315502,SSEI,25,243.3333333,Sablefish,710,Retained,1,,3500
2007,4006,36488,ALASKAN ROSE,0.75,240,,9/17/2007 0:00,710,Sablefish,315531,SSEI,25,275,Sablefish,710,Retained,1,,2500
2007,4007,36488,ALASKAN ROSE,0.75,240,,9/19/2007 0:00,710,Sablefish,315502,SSEI,25,226.6666667,Sablefish,710,Retained,1,,4600
2007,4007,36488,ALASKAN ROSE,0.75,240,,9/19/2007 0:00,710,Sablefish,315531,SSEI,25,270,Sablefish,710,Retained,1,,2200
2007,4008,36488,ALASKAN ROSE,0.75,240,,9/21/2007 0:00,710,Sablefish,315502,SSEI,25,230,Sablefish,710,Retained,1,,4000
2007,4008,36488,ALASKAN ROSE,0.75,240,,9/21/2007 0:00,710,Sablefish,315531,SSEI,25,260,Sablefish,710,Retained,1,,1800
2007,4009,36488,ALASKAN ROSE,0.75,240,,9/24/2007 0:00,710,Sablefish,315502,SSEI,25,231.1111111,Sablefish,710,Retained,1,,9200
2007,4009,36488,ALASKAN ROSE,0.75,240,,9/24/2007 0:00,710,Sablefish,315531,SSEI,25,260,Sablefish,710,Retained,1,,1400
2007,4010,36488,ALASKAN ROSE,0.75,240,,9/26/2007 0:00,710,Sablefish,315502,SSEI,25,234,Sablefish,710,Retained,1,,6300
2007,4011,36488,ALASKAN ROSE,0.75,240,,9/28/2007 0:00,710,Sablefish,315502,SSEI,25,232,Sablefish,710,Retained,1,,5700
2007,4012,36488,ALASKAN ROSE,0.75,240,,10/1/2007 0:00,710,Sablefish,315502,SSEI,25,230,Sablefish,710,Retained,1,,6400
2007,4013,36488,ALASKAN ROSE,0.75,240,,10/5/2007 0:00,710,Sablefish,315502,SSEI,25,235,Sablefish,710,Retained,1,,12000
2007,4014,36488,ALASKAN ROSE,0.75,240,,10/6/2007 0:00,710,Sablefish,315502,SSEI,25,236.6666667,Sablefish,710,Retained,1,,2000
2008,4001,35564,NAVIGATOR,0.75,150,9/2/2008 0:00,9/8/2008 0:00,710,Sablefish,315502,SSEI,25,246.5,Sablefish,710,Retained,1,,2372
2008,4002,35564,NAVIGATOR,0.75,150,,9/10/2008 0:00,710,Sablefish,315502,SSEI,25,241.6666667,Sablefish,710,Retained,1,,1900
2008,4003,36488,ALASKAN ROSE,0.75,240,,9/20/2008 0:00,710,Sablefish,315502,SSEI,26,240.7142857,Sablefish,710,Retained,1,,7600
2008,4003,36488,ALASKAN ROSE,0.75,240,,9/20/2008 0:00,710,Sablefish,315531,SSEI,26,256.6666667,Sablefish,710,Retained,1,,2000
2008,4004,36488,ALASKAN ROSE,0.75,240,,9/24/2008 0:00,710,Sablefish,315502,SSEI,26,232.5,Sablefish,710,Retained,1,,6300
2008,4004,36488,ALASKAN ROSE,0.75,240,,9/24/2008 0:00,710,Sablefish,315531,SSEI,26,252.5,Sablefish,710,Retained,1,,2900
2008,4005,35564,NAVIGATOR,0.75,150,,9/24/2008 0:00,710,Sablefish,315502,SSEI,25,252,Sablefish,710,Retained,1,,2425
2008,4005,35564,NAVIGATOR,0.75,150,,9/24/2008 0:00,710,Sablefish,325531,SSEI,25,246.6666667,Sablefish,710,Retained,1,,350
2008,4006,36488,ALASKAN ROSE,0.75,240,,9/26/2008 0:00,710,Sablefish,315502,SSEI,26,226.6666667,Sablefish,710,Retained,1,,2550
2008,4006,36488,ALASKAN ROSE,0.75,240,,9/26/2008 0:00,710,Sablefish,315531,SSEI,26,280,Sablefish,710,Retained,1,,2100
2008,4007,36488,ALASKAN ROSE,0.75,240,,9/30/2008 0:00,710,Sablefish,315502,SSEI,26,234.2857143,Sablefish,710,Retained,1,,3000
2008,4007,36488,ALASKAN ROSE,0.75,240,,9/30/2008 0:00,710,Sablefish,315531,SSEI,26,267.5,Sablefish,710,Retained,1,,4700
2008,4008,36488,ALASKAN ROSE,0.75,240,,10/4/2008 0:00,710,Sablefish,315502,SSEI,26,230,Sablefish,710,Retained,1,,1900
2008,4008,36488,ALASKAN ROSE,0.75,240,,10/4/2008 0:00,710,Sablefish,315531,SSEI,26,262,Sablefish,710,Retained,1,,9200
2008,4009,35564,NAVIGATOR,0.75,150,,10/4/2008 0:00,710,Sablefish,325531,SSEI,25,287.5,Sablefish,710,Retained,1,,1300
2008,4010,36488,ALASKAN ROSE,0.75,240,,10/8/2008 0:00,710,Sablefish,315502,SSEI,26,242,Sablefish,710,Retained,1,,1500
2008,4010,36488,ALASKAN ROSE,0.75,240,,10/8/2008 0:00,710,Sablefish,315531,SSEI,26,270,Sablefish,710,Retained,1,,6750
2008,4011,35564,NAVIGATOR,0.75,150,,9/14/2008 0:00,710,Sablefish,315502,SSEI,23,265,Sablefish,710,Retained,1,,150
2008,4011,35564,NAVIGATOR,0.75,150,,9/14/2008 0:00,710,Sablefish,315502,SSEI,25,244.8461538,Sablefish,710,Retained,1,,3500
2008,4011,35564,NAVIGATOR,0.75,150,,9/14/2008 0:00,710,Sablefish,325531,SSEI,25,270,Sablefish,710,Retained,1,,550
2008,4012,35564,NAVIGATOR,0.75,150,,9/19/2008 0:00,710,Sablefish,315502,SSEI,25,253,Sablefish,710,Retained,1,,1500
2008,4012,35564,NAVIGATOR,0.75,150,,9/19/2008 0:00,710,Sablefish,325531,SSEI,25,235,Sablefish,710,Retained,1,,300
2008,4013,35564,NAVIGATOR,0.75,150,,9/28/2008 0:00,710,Sablefish,315502,SSEI,25,253.3333333,Sablefish,710,Retained,1,,1550
2008,4013,35564,NAVIGATOR,0.75,150,,9/28/2008 0:00,710,Sablefish,325531,SSEI,25,276.6666667,Sablefish,710,Retained,1,,2300
2008,4014,35564,NAVIGATOR,0.75,150,,10/2/2008 0:00,710,Sablefish,315502,SSEI,25,245,Sablefish,710,Retained,1,,300
2008,4014,35564,NAVIGATOR,0.75,150,,10/2/2008 0:00,710,Sablefish,325531,SSEI,25,287.5,Sablefish,710,Retained,1,,2300
2008,4015,36488,ALASKAN ROSE,0.75,240,,10/14/2008 0:00,710,Sablefish,315502,SSEI,26,230,Sablefish,710,Retained,1,,400
2008,4015,36488,ALASKAN ROSE,0.75,240,,10/14/2008 0:00,710,Sablefish,315531,SSEI,26,278,Sablefish,710,Retained,1,,10500
2008,4016,36488,ALASKAN ROSE,0.75,240,,10/15/2008 0:00,710,Sablefish,315531,SSEI,26,293.3333333,Sablefish,710,Retained,1,,2500
2008,4017,35564,NAVIGATOR,0.75,150,,10/4/2008 0:00,710,Sablefish,315502,SSEI,25,245,Sablefish,710,Retained,1,,350
2009,4001,35564,NAVIGATOR,0.75,150,9/4/2009 0:00,9/10/2009 0:00,710,Sablefish,315502,SSEI,23,250,Sablefish,710,Retained,1,,1000
2009,4001,35564,NAVIGATOR,0.75,150,9/4/2009 0:00,9/10/2009 0:00,710,Sablefish,325531,SSEI,23,260,Sablefish,710,Retained,1,,250
2009,4001,35564,NAVIGATOR,0.75,150,9/4/2009 0:00,9/10/2009 0:00,710,Sablefish,325531,SSEI,25,275,Sablefish,710,Retained,1,,1350
2009,4002,36488,ALASKAN ROSE,0.75,240,9/8/2009 0:00,9/12/2009 0:00,710,Sablefish,315502,SSEI,26,237.5,Sablefish,710,Retained,1,,8400
2009,4002,36488,ALASKAN ROSE,0.75,240,9/8/2009 0:00,9/12/2009 0:00,710,Sablefish,315531,SSEI,26,276,Sablefish,710,Retained,1,,3700
2009,4002,36488,ALASKAN ROSE,0.75,240,9/8/2009 0:00,9/12/2009 0:00,710,Sablefish,315531,SSEI,26,300,Sablefish,710,,,,700
2009,4003,35564,NAVIGATOR,0.75,150,9/11/2009 0:00,9/15/2009 0:00,710,Sablefish,315502,SSEI,25,295,Sablefish,710,Retained,1,,1200
2009,4003,35564,NAVIGATOR,0.75,150,9/11/2009 0:00,9/15/2009 0:00,710,Sablefish,325531,SSEI,25,286.5384615,Sablefish,710,Retained,1,,4700
2009,4004,36488,ALASKAN ROSE,0.75,240,9/13/2009 0:00,9/16/2009 0:00,710,Sablefish,315502,SSEI,26,225.8333333,Sablefish,710,Retained,1,,7700
2009,4004,36488,ALASKAN ROSE,0.75,240,9/13/2009 0:00,9/16/2009 0:00,710,Sablefish,315531,SSEI,26,281.6666667,Sablefish,710,Retained,1,,3300
2009,4005,36488,ALASKAN ROSE,0.75,240,9/17/2009 0:00,9/19/2009 0:00,710,Sablefish,315502,SSEI,26,230,Sablefish,710,Retained,1,,3700
2009,4005,36488,ALASKAN ROSE,0.75,240,9/17/2009 0:00,9/19/2009 0:00,710,Sablefish,315502,SSEI,26,230,Sablefish,710,,,,300
2009,4005,36488,ALASKAN ROSE,0.75,240,9/17/2009 0:00,9/19/2009 0:00,710,Sablefish,315531,SSEI,26,270,Sablefish,710,Retained,1,,2300
2009,4006,35564,NAVIGATOR,0.75,150,9/14/2009 0:00,9/21/2009 0:00,710,Sablefish,325531,SSEI,25,307.8571429,Sablefish,710,Retained,1,,1750
2009,4006,35564,NAVIGATOR,0.75,150,9/14/2009 0:00,9/21/2009 0:00,710,Sablefish,325533,SSEI,25,260,Sablefish,710,Retained,1,,350
2009,4006,35564,NAVIGATOR,0.75,150,9/14/2009 0:00,9/21/2009 0:00,710,Sablefish,325533,SSEI,25,300,Sablefish,710,,,,250
2009,4007,36488,ALASKAN ROSE,0.75,240,9/21/2009 0:00,9/23/2009 0:00,710,Sablefish,315502,SSEI,26,230,Sablefish,710,Retained,1,,4100
2009,4007,36488,ALASKAN ROSE,0.75,240,9/21/2009 0:00,9/23/2009 0:00,710,Sablefish,315502,SSEI,26,270,Sablefish,710,,,,400
2009,4007,36488,ALASKAN ROSE,0.75,240,9/21/2009 0:00,9/23/2009 0:00,710,Sablefish,315531,SSEI,26,270,Sablefish,710,Retained,1,,1700
2009,4008,35564,NAVIGATOR,0.75,150,9/25/2009 0:00,9/25/2009 0:00,710,Sablefish,325531,SSEI,25,275.625,Sablefish,710,Retained,1,,2325
2009,4008,35564,NAVIGATOR,0.75,150,9/25/2009 0:00,9/25/2009 0:00,710,Sablefish,325533,SSEI,25,300,Sablefish,710,Retained,1,,1525
2009,4009,36488,ALASKAN ROSE,0.75,240,9/26/2009 0:00,9/29/2009 0:00,710,Sablefish,315502,SSEI,26,252.5,Sablefish,710,Retained,1,,1700
2009,4009,36488,ALASKAN ROSE,0.75,240,9/26/2009 0:00,9/29/2009 0:00,710,Sablefish,315531,SSEI,26,276.3636364,Sablefish,710,Retained,1,,5750
2009,4010,35564,NAVIGATOR,0.75,150,9/26/2009 0:00,9/29/2009 0:00,710,Sablefish,325531,SSEI,10,230,Sablefish,710,Retained,1,,150
2009,4010,35564,NAVIGATOR,0.75,150,9/26/2009 0:00,9/29/2009 0:00,710,Sablefish,325531,SSEI,25,269,Sablefish,710,Retained,1,,1850
2009,4010,35564,NAVIGATOR,0.75,150,9/26/2009 0:00,9/29/2009 0:00,710,Sablefish,325533,SSEI,25,285.8888889,Sablefish,710,Retained,1,,3500
2009,4011,36488,ALASKAN ROSE,0.75,240,9/30/2009 0:00,10/2/2009 0:00,710,Sablefish,315531,SSEI,26,250,Sablefish,710,Released (Quota Limit),3,,1100
2009,4011,36488,ALASKAN ROSE,0.75,240,9/30/2009 0:00,10/2/2009 0:00,710,Sablefish,315531,SSEI,26,284.4444444,Sablefish,710,Retained,1,,4100
2009,4012,35564,NAVIGATOR,0.75,150,9/30/2009 0:00,10/2/2009 0:00,710,Sablefish,325531,SSEI,25,290,Sablefish,710,Retained,1,,600
2009,4012,35564,NAVIGATOR,0.75,150,9/30/2009 0:00,10/2/2009 0:00,710,Sablefish,325533,SSEI,25,285,Sablefish,710,Retained,1,,2100
2010,4001,35564,NAVIGATOR,0.75,150,9/7/2010 0:00,9/9/2010 0:00,710,Sablefish,325531,SSEI,25,263.125,Sablefish,710,Retained,1,,3625
2010,4001,35564,NAVIGATOR,0.75,150,9/7/2010 0:00,9/9/2010 0:00,710,Sablefish,325533,SSEI,25,270,Sablefish,710,Retained,1,,750
2010,4002,35564,NAVIGATOR,0.75,150,9/10/2010 0:00,9/14/2010 0:00,710,Sablefish,325531,SSEI,25,281.4285714,Sablefish,710,Retained,1,,2800
2010,4002,35564,NAVIGATOR,0.75,150,9/10/2010 0:00,9/14/2010 0:00,710,Sablefish,325533,SSEI,25,253.125,Sablefish,710,Retained,1,,1950
2010,4003,36488,ALASKAN ROSE,0.75,240,9/14/2010 0:00,9/20/2010 0:00,710,Sablefish,315502,SSEI,26,232.5,Sablefish,710,Retained,1,,7500
2010,4003,36488,ALASKAN ROSE,0.75,240,9/14/2010 0:00,9/20/2010 0:00,710,Sablefish,315531,SSEI,26,257.5,Sablefish,710,Retained,1,,6300
2010,4004,35564,NAVIGATOR,0.75,150,9/15/2010 0:00,9/20/2010 0:00,710,Sablefish,325531,SSEI,25,261,Sablefish,710,Retained,1,,1700
2010,4004,35564,NAVIGATOR,0.75,150,9/15/2010 0:00,9/20/2010 0:00,710,Sablefish,325533,SSEI,25,250.5,Sablefish,710,Retained,1,,4300
2010,4005,35564,NAVIGATOR,0.75,150,9/20/2010 0:00,9/22/2010 0:00,710,Sablefish,325531,SSEI,25,300,Sablefish,710,Retained,1,,200
2010,4005,35564,NAVIGATOR,0.75,150,9/20/2010 0:00,9/22/2010 0:00,710,Sablefish,325533,SSEI,25,256.25,Sablefish,710,Retained,1,,3400
2010,4006,36488,ALASKAN ROSE,0.75,240,9/21/2010 0:00,9/23/2010 0:00,710,Sablefish,315502,SSEI,26,226.6666667,Sablefish,710,Retained,1,,2100
2010,4006,36488,ALASKAN ROSE,0.75,240,9/21/2010 0:00,9/23/2010 0:00,710,Sablefish,315531,SSEI,26,253.3333333,Sablefish,710,Retained,1,,2400
2010,4007,36488,ALASKAN ROSE,0.75,240,9/23/2010 0:00,9/24/2010 0:00,710,Sablefish,315502,SSEI,26,253.3333333,Sablefish,710,Retained,1,,1900
2010,4008,36488,ALASKAN ROSE,0.75,240,9/24/2010 0:00,9/27/2010 0:00,710,Sablefish,315502,SSEI,26,240,Sablefish,710,Retained,1,,500
2010,4008,36488,ALASKAN ROSE,0.75,240,9/24/2010 0:00,9/27/2010 0:00,710,Sablefish,315531,SSEI,26,277.5,Sablefish,710,Retained,1,,8700
2010,4009,35564,NAVIGATOR,0.75,150,9/26/2010 0:00,9/28/2010 0:00,710,Sablefish,325533,SSEI,25,246.25,Sablefish,710,Released (Quota Limit),3,,2600
2010,4009,35564,NAVIGATOR,0.75,150,9/26/2010 0:00,9/28/2010 0:00,710,Sablefish,325533,SSEI,25,255,Sablefish,710,Retained,1,,2200
2010,4010,36488,ALASKAN ROSE,0.75,240,9/28/2010 0:00,9/29/2010 0:00,710,Sablefish,315531,SSEI,26,273.3333333,Sablefish,710,Retained,1,,7600
2010,4011,36488,ALASKAN ROSE,0.75,240,9/30/2010 0:00,10/1/2010 0:00,710,Sablefish,315531,SSEI,26,276.6666667,Sablefish,710,Retained,1,,6600
2010,4012,36488,ALASKAN ROSE,0.75,240,10/3/2010 0:00,10/4/2010 0:00,710,Sablefish,315502,SSEI,26,260,Sablefish,710,Retained,1,,500
2010,4012,36488,ALASKAN ROSE,0.75,240,10/3/2010 0:00,10/4/2010 0:00,710,Sablefish,315531,SSEI,26,258,Sablefish,710,Retained,1,,4600
2010,4012,36488,ALASKAN ROSE,0.75,240,10/3/2010 0:00,10/4/2010 0:00,710,Sablefish,315531,SSEI,26,280,Sablefish,710,,,,1200
2010,4015,35564,NAVIGATOR,0.75,150,9/1/2010 0:00,9/6/2010 0:00,710,Sablefish,325531,SSEI,25,263.75,Sablefish,710,Retained,1,,2300
2010,4015,35564,NAVIGATOR,0.75,150,9/1/2010 0:00,9/6/2010 0:00,710,Sablefish,325533,SSEI,25,250,Sablefish,710,Retained,1,,250
2010,4015,35564,NAVIGATOR,0.75,150,9/1/2010 0:00,9/6/2010 0:00,710,Sablefish,325533,SSEI,25,285,Sablefish,710,,,,250
2011,4001,35564,NAVIGATOR,0.75,150,9/11/2011 0:00,9/14/2011 0:00,710,Sablefish,325531,SSEI,25,242.3333333,Sablefish,710,Retained,1,,2250
2011,4001,35564,NAVIGATOR,0.75,150,9/11/2011 0:00,9/14/2011 0:00,710,Sablefish,325533,SSEI,25,231.7,Sablefish,710,Retained,1,,7050
2011,4002,36488,ALASKAN ROSE,0.75,240,9/12/2011 0:00,9/16/2011 0:00,710,Sablefish,315502,SSEI,26,242.5,Sablefish,710,Retained,1,,10600
2011,4002,36488,ALASKAN ROSE,0.75,240,9/12/2011 0:00,9/16/2011 0:00,710,Sablefish,315531,SSEI,26,270,Sablefish,710,Retained,1,,3100
2011,4003,35564,NAVIGATOR,0.75,150,9/12/2011 0:00,9/16/2011 0:00,710,Sablefish,325531,SSEI,25,275,Sablefish,710,Retained,1,,625
2011,4003,35564,NAVIGATOR,0.75,150,9/12/2011 0:00,9/16/2011 0:00,710,Sablefish,325533,SSEI,25,230,Sablefish,710,Released (Quota Limit),3,,1000
2011,4003,35564,NAVIGATOR,0.75,150,9/12/2011 0:00,9/16/2011 0:00,710,Sablefish,325533,SSEI,25,247.5,Sablefish,710,Retained,1,,3250
2011,4004,36488,ALASKAN ROSE,0.75,240,9/19/2011 0:00,9/20/2011 0:00,710,Sablefish,315502,SSEI,26,230,Sablefish,710,Retained,1,,2200
2011,4004,36488,ALASKAN ROSE,0.75,240,9/19/2011 0:00,9/20/2011 0:00,710,Sablefish,315531,SSEI,26,265,Sablefish,710,Retained,1,,2900
2011,4005,36488,ALASKAN ROSE,0.75,240,9/21/2011 0:00,9/23/2011 0:00,710,Sablefish,315502,SSEI,26,232.5,Sablefish,710,Retained,1,,6400
2011,4005,36488,ALASKAN ROSE,0.75,240,9/21/2011 0:00,9/23/2011 0:00,710,Sablefish,315531,SSEI,26,265,Sablefish,710,Retained,1,,4000
2011,4006,36488,ALASKAN ROSE,0.75,240,9/24/2011 0:00,9/24/2011 0:00,710,Sablefish,315502,SSEI,26,250,Sablefish,710,Retained,1,,3900
2011,4006,36488,ALASKAN ROSE,0.75,240,9/24/2011 0:00,9/24/2011 0:00,710,Sablefish,315531,SSEI,26,260,Sablefish,710,Retained,1,,2800
2011,4007,36488,ALASKAN ROSE,0.75,240,9/17/2011 0:00,9/18/2011 0:00,710,Sablefish,315502,SSEI,26,232.5,Sablefish,710,Retained,1,,8700
2011,4007,36488,ALASKAN ROSE,0.75,240,9/17/2011 0:00,9/18/2011 0:00,710,Sablefish,315531,SSEI,26,255,Sablefish,710,Retained,1,,2900
2011,4008,35564,NAVIGATOR,0.75,150,9/3/2011 0:00,9/10/2011 0:00,710,Sablefish,315502,SSEI,25,260,Sablefish,710,Retained,1,,2100
2011,4008,35564,NAVIGATOR,0.75,150,9/3/2011 0:00,9/10/2011 0:00,710,Sablefish,325531,SSEI,25,261.6666667,Sablefish,710,Retained,1,,3200
2011,4008,35564,NAVIGATOR,0.75,150,9/3/2011 0:00,9/10/2011 0:00,710,Sablefish,325533,SSEI,25,268,Sablefish,710,Retained,1,,4600
2012,4001,36488,ALASKAN ROSE,0.75,240,9/9/2012 0:00,9/11/2012 0:00,710,Sablefish,315502,SSEI,26,238.75,Sablefish,710,Retained,1,,20700
2012,4001,36488,ALASKAN ROSE,0.75,240,9/9/2012 0:00,9/11/2012 0:00,710,Sablefish,315531,SSEI,26,280,Sablefish,710,Retained,1,,7500
2012,4002,36488,ALASKAN ROSE,0.75,240,9/17/2012 0:00,9/17/2012 0:00,710,Sablefish,315502,SSEI,26,252,Sablefish,710,Retained,1,,8300
2012,4002,36488,ALASKAN ROSE,0.75,240,9/17/2012 0:00,9/17/2012 0:00,710,Sablefish,315502,SSEI,26,230,Sablefish,710,,,,1300
2012,4003,36488,ALASKAN ROSE,0.75,240,9/17/2012 0:00,9/19/2012 0:00,710,Sablefish,315502,SSEI,26,238.3333333,Sablefish,710,Retained,1,,7100
2012,4003,36488,ALASKAN ROSE,0.75,240,9/17/2012 0:00,9/19/2012 0:00,710,Sablefish,315531,SSEI,26,263.3333333,Sablefish,710,Retained,1,,9300
2012,4004,36488,ALASKAN ROSE,0.75,240,9/21/2012 0:00,9/22/2012 0:00,710,Sablefish,315502,SSEI,26,240,Sablefish,710,Retained,1,,6700
2012,4004,36488,ALASKAN ROSE,0.75,240,9/21/2012 0:00,9/22/2012 0:00,710,Sablefish,315531,SSEI,26,260,Sablefish,710,Retained,1,,7300
2012,4005,36488,ALASKAN ROSE,0.75,240,9/26/2012 0:00,9/27/2012 0:00,710,Sablefish,315531,SSEI,26,262,Sablefish,710,Retained,1,,9800
2013,4001,44862,SABRINA,0.75,240,9/14/2013 0:00,9/18/2013 0:00,710,Sablefish,315502,SSEI,26,263.3333333,Sablefish,710,,,,4800
2013,4001,44862,SABRINA,0.75,240,9/14/2013 0:00,9/18/2013 0:00,710,Sablefish,315531,SSEI,26,263.3333333,Sablefish,710,,,,6200
2013,4002,44862,SABRINA,0.75,240,,9/23/2013 0:00,710,Sablefish,315502,SSEI,26,246.6666667,Sablefish,710,,,,6500
2013,4002,44862,SABRINA,0.75,240,,9/23/2013 0:00,710,Sablefish,315531,SSEI,26,253.3333333,Sablefish,710,,,,4400
2013,4003,44862,SABRINA,0.75,240,,9/25/2013 0:00,710,Sablefish,315502,SSEI,26,250,Sablefish,710,,,,5100
2013,4003,44862,SABRINA,0.75,240,,9/25/2013 0:00,710,Sablefish,315531,SSEI,26,257.5,Sablefish,710,,,,3700
2013,4004,44862,SABRINA,0.75,240,,9/28/2013 0:00,710,Sablefish,315502,SSEI,26,240,Sablefish,710,,,,8100
2013,4004,44862,SABRINA,0.75,240,,9/28/2013 0:00,710,Sablefish,315531,SSEI,26,252,Sablefish,710,,,,3900
2013,4005,44862,SABRINA,0.75,240,9/26/2013 0:00,10/1/2013 0:00,710,Sablefish,315502,SSEI,26,235,Sablefish,710,,,,12000
2013,4005,44862,SABRINA,0.75,240,9/26/2013 0:00,10/1/2013 0:00,710,Sablefish,315531,SSEI,26,265,Sablefish,710,,,,2600
2013,4006,44862,SABRINA,0.75,240,9/29/2013 0:00,10/3/2013 0:00,710,Sablefish,315502,SSEI,26,241.4285714,Sablefish,710,,,,9900
2013,4006,44862,SABRINA,0.75,240,9/29/2013 0:00,10/3/2013 0:00,710,Sablefish,315531,SSEI,26,275,Sablefish,710,,,,2300
2013,4007,44862,SABRINA,0.75,240,,10/5/2013 0:00,710,Sablefish,315502,SSEI,26,246.6666667,Sablefish,710,,,,6600
2013,4007,44862,SABRINA,0.75,240,,10/5/2013 0:00,710,Sablefish,315531,SSEI,26,255,Sablefish,710,,,,1800
2013,4008,44862,SABRINA,0.75,240,,10/7/2013 0:00,710,Sablefish,315502,SSEI,26,247.5,Sablefish,710,,,,2800
2013,4008,44862,SABRINA,0.75,240,,10/7/2013 0:00,710,Sablefish,315531,SSEI,26,245,Sablefish,710,,,,1300
2014,4001,44862,SABRINA,0.75,240,9/1/2014 0:00,9/6/2014 0:00,710,Sablefish,315502,SSEI,26,240,Sablefish,710,,,,6700
2014,4001,44862,SABRINA,0.75,240,9/1/2014 0:00,9/6/2014 0:00,710,Sablefish,315531,SSEI,26,265,Sablefish,710,,,,4000
2014,4002,44862,SABRINA,0.75,240,9/2/2014 0:00,9/9/2014 0:00,710,Sablefish,315502,SSEI,26,232.5,Sablefish,710,,,,11800
2014,4002,44862,SABRINA,0.75,240,9/2/2014 0:00,9/9/2014 0:00,710,Sablefish,315531,SSEI,26,260,Sablefish,710,,,,4400
2014,4003,44862,SABRINA,0.75,240,9/6/2014 0:00,9/12/2014 0:00,710,Sablefish,315502,SSEI,26,233.3333333,Sablefish,710,,,,6700
2014,4003,44862,SABRINA,0.75,240,9/6/2014 0:00,9/12/2014 0:00,710,Sablefish,315531,SSEI,26,241.6666667,Sablefish,710,,,,8200
2014,4004,44862,SABRINA,0.75,240,9/10/2014 0:00,9/16/2014 0:00,710,Sablefish,315502,SSEI,26,236.6666667,Sablefish,710,,,,9400
2014,4004,44862,SABRINA,0.75,240,9/10/2014 0:00,9/16/2014 0:00,710,Sablefish,315531,SSEI,26,246.6666667,Sablefish,710,,,,5500
2014,4005,44862,SABRINA,0.75,240,9/14/2014 0:00,9/20/2014 0:00,710,Sablefish,315502,SSEI,26,240,Sablefish,710,,,,8100
2014,4005,44862,SABRINA,0.75,240,9/14/2014 0:00,9/20/2014 0:00,710,Sablefish,315531,SSEI,26,243.3333333,Sablefish,710,,,,7400
2014,4006,44862,SABRINA,0.75,240,9/19/2014 0:00,9/22/2014 0:00,710,Sablefish,315502,SSEI,26,240,Sablefish,710,,,,2900
2014,4006,44862,SABRINA,0.75,240,9/19/2014 0:00,9/22/2014 0:00,710,Sablefish,315531,SSEI,26,256.6666667,Sablefish,710,,,,1900
2015,4001,44862,SABRINA,0.75,240,9/5/2015 0:00,9/11/2015 0:00,710,Sablefish,315502,SSEI,26,241.4285714,Sablefish,710,,,,5100
2015,4001,44862,SABRINA,0.75,240,9/5/2015 0:00,9/11/2015 0:00,710,Sablefish,315531,SSEI,26,260,Sablefish,710,,,,6700
2015,4002,44862,SABRINA,0.75,240,9/8/2015 0:00,9/15/2015 0:00,710,Sablefish,315502,SSEI,26,243.75,Sablefish,710,,,,12100
2015,4002,44862,SABRINA,0.75,240,9/8/2015 0:00,9/15/2015 0:00,710,Sablefish,315531,SSEI,26,260,Sablefish,710,,,,8200
2015,4003,44862,SABRINA,0.75,240,9/12/2015 0:00,9/18/2015 0:00,710,Sablefish,315502,SSEI,26,252.8571429,Sablefish,710,,,,14500
2015,4004,44862,SABRINA,0.75,240,9/14/2015 0:00,9/20/2015 0:00,710,Sablefish,315502,SSEI,26,253.3333333,Sablefish,710,,,,7000
2015,4004,44862,SABRINA,0.75,240,9/14/2015 0:00,9/20/2015 0:00,710,Sablefish,315531,SSEI,26,268,Sablefish,710,,,,4100
2015,4005,44862,SABRINA,0.75,240,9/17/2015 0:00,9/22/2015 0:00,710,Sablefish,315502,SSEI,26,247.1428571,Sablefish,710,,,,5500
2015,4005,44862,SABRINA,0.75,240,9/17/2015 0:00,9/22/2015 0:00,710,Sablefish,315531,SSEI,26,310,Sablefish,710,,,,1400
2015,4006,44862,SABRINA,0.75,240,9/21/2015 0:00,9/24/2015 0:00,710,Sablefish,315502,SSEI,26,237.5,Sablefish,710,,,,3000
2015,4006,44862,SABRINA,0.75,240,9/21/2015 0:00,9/24/2015 0:00,710,Sablefish,315531,SSEI,26,255,Sablefish,710,,,,1000
2015,4007,44862,SABRINA,0.75,240,9/22/2015 0:00,9/26/2015 0:00,710,Sablefish,315502,SSEI,26,236,Sablefish,710,,,,2800
2015,4007,44862,SABRINA,0.75,240,9/22/2015 0:00,9/26/2015 0:00,710,Sablefish,315531,SSEI,26,283.3333333,Sablefish,710,,,,2300
2016,4001,44862,SABRINA,0.75,240,9/3/2016 0:00,9/9/2016 0:00,710,Sablefish,315502,SSEI,26,240,Sablefish,710,Retained,1,,10700
2016,4001,44862,SABRINA,0.75,240,9/3/2016 0:00,9/9/2016 0:00,710,Sablefish,315531,SSEI,26,265,Sablefish,710,Retained,1,,5800
2016,4002,44862,SABRINA,0.75,240,9/6/2016 0:00,9/10/2016 0:00,710,Sablefish,315502,SSEI,26,250,Sablefish,710,Retained,1,,1900
2016,4002,44862,SABRINA,0.75,240,9/6/2016 0:00,9/10/2016 0:00,710,Sablefish,315531,SSEI,26,260,Sablefish,710,Retained,1,,2900
2016,4003,44862,SABRINA,0.75,240,9/6/2016 0:00,9/12/2016 0:00,710,Sablefish,315502,SSEI,26,238.5714286,Sablefish,710,Retained,1,,8000
2016,4003,44862,SABRINA,0.75,240,9/6/2016 0:00,9/12/2016 0:00,710,Sablefish,315531,SSEI,26,258,Sablefish,710,Retained,1,,5800
2016,4004,44862,SABRINA,0.75,240,9/10/2016 0:00,9/14/2016 0:00,710,Sablefish,315502,SSEI,26,235.7142857,Sablefish,710,Retained,1,,9800
2016,4004,44862,SABRINA,0.75,240,9/10/2016 0:00,9/14/2016 0:00,710,Sablefish,315531,SSEI,26,260,Sablefish,710,Retained,1,,2600
2016,4005,44862,SABRINA,0.75,240,9/13/2016 0:00,9/17/2016 0:00,710,Sablefish,315502,SSEI,26,240,Sablefish,710,Retained,1,,5600
2016,4005,44862,SABRINA,0.75,240,9/13/2016 0:00,9/17/2016 0:00,710,Sablefish,315531,SSEI,26,260,Sablefish,710,Retained,1,,2700
2016,4006,44862,SABRINA,0.75,240,9/14/2016 0:00,9/22/2016 0:00,710,Sablefish,315502,SSEI,26,241.6666667,Sablefish,710,Released (Quota Limit),3,,5500
2016,4006,44862,SABRINA,0.75,240,9/14/2016 0:00,9/22/2016 0:00,710,Sablefish,315502,SSEI,26,237.5,Sablefish,710,Retained,1,,8900
2016,4006,44862,SABRINA,0.75,240,9/14/2016 0:00,9/22/2016 0:00,710,Sablefish,315531,SSEI,26,230,Sablefish,710,Retained,1,,800
2017,4001,44862,SABRINA,0.75,240,9/15/2017 0:00,9/19/2017 0:00,710,Sablefish,315502,SSEI,26,247.5,Sablefish,710,Retained,1,,14100
2017,4001,44862,SABRINA,0.75,240,9/15/2017 0:00,9/19/2017 0:00,710,Sablefish,315531,SSEI,26,263.3333333,Sablefish,710,Retained,1,,5100
2017,4002,44862,SABRINA,0.75,240,9/20/2017 0:00,9/21/2017 0:00,710,Sablefish,315502,SSEI,26,251.6666667,Sablefish,710,Retained,1,,16400
2017,4002,44862,SABRINA,0.75,240,9/20/2017 0:00,9/21/2017 0:00,710,Sablefish,315531,SSEI,26,256.6666667,Sablefish,710,Retained,1,,4000
2017,4003,44862,SABRINA,0.75,240,9/20/2017 0:00,9/23/2017 0:00,710,Sablefish,315502,SSEI,26,248,Sablefish,710,Retained,1,,15600
2017,4003,44862,SABRINA,0.75,240,9/20/2017 0:00,9/23/2017 0:00,710,Sablefish,315531,SSEI,26,253.3333333,Sablefish,710,Retained,1,,5000
2017,4004,44862,SABRINA,0.75,240,9/22/2017 0:00,9/25/2017 0:00,710,Sablefish,315502,SSEI,26,247.5,Sablefish,710,Retained,1,,11000
2017,4004,44862,SABRINA,0.75,240,9/22/2017 0:00,9/25/2017 0:00,710,Sablefish,315531,SSEI,26,245,Sablefish,710,Retained,1,,4600
2017,4005,44862,SABRINA,0.75,240,9/22/2017 0:00,9/28/2017 0:00,710,Sablefish,315502,SSEI,26,265,Sablefish,710,Retained,1,,9300
2017,4005,44862,SABRINA,0.75,240,9/22/2017 0:00,9/28/2017 0:00,710,Sablefish,315531,SSEI,26,253.3333333,Sablefish,710,Retained,1,,4000
2017,4006,44862,SABRINA,0.75,240,9/24/2017 0:00,9/29/2017 0:00,710,Sablefish,315502,SSEI,26,260,Sablefish,710,Retained,1,,2300
2017,4006,44862,SABRINA,0.75,240,9/24/2017 0:00,9/29/2017 0:00,710,Sablefish,315531,SSEI,26,,Sablefish,710,Released (Quota Limit),3,,3000
2017,4006,44862,SABRINA,0.75,240,9/24/2017 0:00,9/29/2017 0:00,710,Sablefish,315531,SSEI,26,270,Sablefish,710,Retained,1,,800
2017,4008,45052,ERIKA ANN,0.6,198,10/15/2017 0:00,10/20/2017 0:00,710,Sablefish,325531,SSEI,24,225,Sablefish,710,Retained,1,,247
2017,4008,45052,ERIKA ANN,0.6,198,10/15/2017 0:00,10/20/2017 0:00,710,Sablefish,325531,SSEI,26,230,Sablefish,710,Retained,1,,400
2017,4008,45052,ERIKA ANN,0.6,198,10/15/2017 0:00,10/20/2017 0:00,710,Sablefish,325531,SSEI,45,215,Sablefish,710,Retained,1,,950
2018,4001,44862,SABRINA,0.75,40,9/20/2018 0:00,9/25/2018 0:00,710,Sablefish,315502,SSEI,26,252,Sablefish,710,Retained,1,,9100
2018,4001,44862,SABRINA,0.75,40,9/20/2018 0:00,9/25/2018 0:00,710,Sablefish,315531,SSEI,26,260,Sablefish,710,Retained,1,,3800
2018,4002,44862,SABRINA,0.75,40,9/23/2018 0:00,9/27/2018 0:00,710,Sablefish,315502,SSEI,26,244,Sablefish,710,Retained,1,,8000
2018,4002,44862,SABRINA,0.75,40,9/23/2018 0:00,9/27/2018 0:00,710,Sablefish,315531,SSEI,26,261.6666667,Sablefish,710,Retained,1,,5900
2018,4003,44862,SABRINA,0.75,40,9/26/2018 0:00,9/30/2018 0:00,710,Sablefish,315502,SSEI,26,248.3333333,Sablefish,710,Retained,1,,14300
2018,4003,44862,SABRINA,0.75,40,9/26/2018 0:00,9/30/2018 0:00,710,Sablefish,315531,SSEI,26,263.3333333,Sablefish,710,Retained,1,,3500
2018,4004,44862,SABRINA,0.75,40,9/28/2018 0:00,10/3/2018 0:00,710,Sablefish,315502,SSEI,26,254,Sablefish,710,Retained,1,,9000
2018,4004,44862,SABRINA,0.75,40,9/28/2018 0:00,10/3/2018 0:00,710,Sablefish,315531,SSEI,26,264,Sablefish,710,Retained,1,,3500
2018,4005,44862,SABRINA,0.75,40,10/2/2018 0:00,10/10/2018 0:00,710,Sablefish,315502,SSEI,26,253.75,Sablefish,710,Retained,1,,9600
2018,4005,44862,SABRINA,0.75,40,10/2/2018 0:00,10/10/2018 0:00,710,Sablefish,315531,SSEI,26,285,Sablefish,710,Retained,1,,9300
2018,4005,44862,SABRINA,0.75,40,10/2/2018 0:00,10/10/2018 0:00,710,Sablefish,325531,SSEI,26,280,Sablefish,710,Retained,1,,1400
2018,4006,44862,SABRINA,0.75,40,10/8/2018 0:00,10/14/2018 0:00,710,Sablefish,315502,SSEI,26,257.5,Sablefish,710,Retained,1,,6600
2018,4006,44862,SABRINA,0.75,40,10/8/2018 0:00,10/14/2018 0:00,710,Sablefish,315531,SSEI,26,273.3333333,Sablefish,710,Retained,1,,7400
2018,4006,44862,SABRINA,0.75,40,10/8/2018 0:00,10/14/2018 0:00,710,Sablefish,325531,SSEI,26,300,Sablefish,710,Retained,1,,1500
2018,4007,44862,SABRINA,0.75,40,10/12/2018 0:00,10/17/2018 0:00,710,Sablefish,315502,SSEI,26,253.3333333,Sablefish,710,Retained,1,,2400
2018,4007,44862,SABRINA,0.75,40,10/12/2018 0:00,10/17/2018 0:00,710,Sablefish,315531,SSEI,26,295,Sablefish,710,Retained,1,,1900
2018,4007,44862,SABRINA,0.75,40,10/12/2018 0:00,10/17/2018 0:00,710,Sablefish,325531,SSEI,26,300,Sablefish,710,Retained,1,,800
2018,4008,44862,SABRINA,0.75,40,10/13/2018 0:00,10/18/2018 0:00,710,Sablefish,315531,SSEI,26,296.6666667,Sablefish,710,Retained,1,,3300
2018,4009,44862,SABRINA,0.75,40,10/2/2018 0:00,10/6/2018 0:00,710,Sablefish,315502,SSEI,26,252.8571429,Sablefish,710,Retained,1,,5700
2018,4009,44862,SABRINA,0.75,40,10/2/2018 0:00,10/6/2018 0:00,710,Sablefish,315531,SSEI,26,250,Sablefish,710,Retained,1,,500
2018,4009,44862,SABRINA,0.75,40,10/2/2018 0:00,10/6/2018 0:00,710,Sablefish,325531,SSEI,26,260,Sablefish,710,Retained,1,,1100
2019,2101,44862,SABRINA,0.75,40,9/10/2019 0:00,9/17/2019 0:00,710,Sablefish,315502,SSEI,26,252,Sablefish,710,,,,25700
2019,2101,44862,SABRINA,0.75,40,9/10/2019 0:00,9/17/2019 0:00,710,Sablefish,315531,SSEI,26,270,Sablefish,710,,,,3900
2019,2102,44862,SABRINA,0.75,40,9/15/2019 0:00,9/20/2019 0:00,710,Sablefish,315502,SSEI,26,238.3333333,Sablefish,710,Retained,1,,13800
2019,2102,44862,SABRINA,0.75,40,9/15/2019 0:00,9/20/2019 0:00,710,Sablefish,315531,SSEI,26,250,Sablefish,710,Retained,1,,7000
2019,2103,44862,SABRINA,0.75,40,9/18/2019 0:00,9/23/2019 0:00,710,Sablefish,315502,SSEI,26,241.6666667,Sablefish,710,Retained,1,,12900
2019,2103,44862,SABRINA,0.75,40,9/18/2019 0:00,9/23/2019 0:00,710,Sablefish,315531,SSEI,26,250,Sablefish,710,Retained,1,,3800
2019,2104,44862,SABRINA,0.75,40,9/21/2019 0:00,9/27/2019 0:00,710,Sablefish,315502,SSEI,26,248.3333333,Sablefish,710,Retained,1,,15200
2019,2104,44862,SABRINA,0.75,40,9/21/2019 0:00,9/27/2019 0:00,710,Sablefish,315531,SSEI,26,273.3333333,Sablefish,710,Retained,1,,9100
2019,2105,44862,SABRINA,0.75,40,9/25/2019 0:00,9/30/2019 0:00,710,Sablefish,315502,SSEI,26,256.6666667,Sablefish,710,Retained,1,,9400
2019,2105,44862,SABRINA,0.75,40,9/25/2019 0:00,9/30/2019 0:00,710,Sablefish,315531,SSEI,26,270,Sablefish,710,Retained,1,,6300
2019,2106,44862,SABRINA,0.75,40,9/28/2019 0:00,10/1/2019 0:00,710,Sablefish,315531,SSEI,10,250,Sablefish,710,Released,2,,1000
2019,2106,44862,SABRINA,0.75,40,9/28/2019 0:00,10/1/2019 0:00,710,Sablefish,315531,SSEI,10,250,Sablefish,710,Retained,1,,600
2019,2106,44862,SABRINA,0.75,40,9/28/2019 0:00,10/1/2019 0:00,710,Sablefish,315531,SSEI,26,280,Sablefish,710,Retained,1,,2200
2019,2107,35553,OBSESSION,0.44,500,11/8/2019 0:00,11/11/2019 0:00,710,Sablefish,325533,SSEI,3,343.3333333,Sablefish,710,Retained,1,,950
2020,2101,54766,SARA DAWN,,180,5/31/2020 0:00,6/6/2020 0:00,710,Sablefish,315431,SSEI,30,190,Sablefish,710,Retained,1,,9300
2020,2102,89173,INTANGIBLE,0.38,225,5/31/2020 0:00,6/6/2020 0:00,710,Sablefish,325401,SSEI,40,197,Sablefish,710,Retained,1,,340
2020,2102,89173,INTANGIBLE,0.38,225,5/31/2020 0:00,6/6/2020 0:00,710,Sablefish,325431,SSEI,40,197,Sablefish,710,Retained,1,,950
2020,2103,89173,INTANGIBLE,0.38,225,6/7/2020 0:00,6/11/2020 0:00,710,Sablefish,315432,SSEI,39,300,Sablefish,710,Retained,1,,320
2020,2103,89173,INTANGIBLE,0.38,225,6/7/2020 0:00,6/11/2020 0:00,710,Sablefish,325531,SSEI,39,330,Sablefish,710,Retained,1,,560
2020,2104,89173,INTANGIBLE,0.38,225,8/28/2020 0:00,9/1/2020 0:00,710,Sablefish,325531,SSEI,40,320,Sablefish,710,Retained,1,,1440
2020,2105,44862,SABRINA,0.75,40,9/18/2020 0:00,9/24/2020 0:00,710,Sablefish,315502,SSEI,26,260,Sablefish,710,Retained,1,,13600
2020,2105,44862,SABRINA,0.75,40,9/18/2020 0:00,9/24/2020 0:00,710,Sablefish,315531,SSEI,26,260,Sablefish,710,Retained,1,,7800
2020,2106,44862,SABRINA,0.75,40,9/18/2020 0:00,9/28/2020 0:00,710,Sablefish,315502,SSEI,26,251.6666667,Sablefish,710,Retained,1,,13100
2020,2106,44862,SABRINA,0.75,40,9/18/2020 0:00,9/28/2020 0:00,710,Sablefish,315531,SSEI,26,263.3333333,Sablefish,710,Retained,1,,7000
2020,2107,44862,SABRINA,0.75,40,9/28/2020 0:00,10/2/2020 0:00,710,Sablefish,315502,SSEI,26,258,Sablefish,710,Retained,1,,10300
2020,2107,44862,SABRINA,0.75,40,9/28/2020 0:00,10/2/2020 0:00,710,Sablefish,315531,SSEI,26,260,Sablefish,710,Retained,1,,4000
2020,2108,44862,SABRINA,0.75,40,9/28/2020 0:00,10/5/2020 0:00,710,Sablefish,315502,SSEI,26,250,Sablefish,710,Retained,1,,11300
2020,2108,44862,SABRINA,0.75,40,9/28/2020 0:00,10/5/2020 0:00,710,Sablefish,315531,SSEI,26,263.3333333,Sablefish,710,Retained,1,,6000
2020,2109,44862,SABRINA,0.75,40,10/3/2020 0:00,10/6/2020 0:00,710,Sablefish,315502,SSEI,26,253.3333333,Sablefish,710,Retained,1,,9500
2020,2110,35553,OBSESSION,0.38,200,10/4/2020 0:00,10/11/2020 0:00,710,Sablefish,325531,SSEI,24,336.6666667,Sablefish,710,Released,2,,50
2020,2110,35553,OBSESSION,0.38,200,10/4/2020 0:00,10/11/2020 0:00,710,Sablefish,325531,SSEI,24,340,Sablefish,710,Retained,1,,2525
2020,2110,35553,OBSESSION,0.38,200,10/4/2020 0:00,10/11/2020 0:00,710,Sablefish,325533,SSEI,24,341.25,Sablefish,710,Released,2,,115
2020,2110,35553,OBSESSION,0.38,200,10/4/2020 0:00,10/11/2020 0:00,710,Sablefish,325533,SSEI,24,340.8333333,Sablefish,710,Retained,1,,6350
2020,2111,44862,SABRINA,0.75,40,9/24/2020 0:00,9/30/2020 0:00,710,Sablefish,315502,SSEI,26,255.8333333,Sablefish,710,Retained,1,,12300
2020,2111,44862,SABRINA,0.75,40,9/24/2020 0:00,9/30/2020 0:00,710,Sablefish,315531,SSEI,26,266.6666667,Sablefish,710,Retained,1,,6200
2020,2112,44862,SABRINA,0.75,40,10/3/2020 0:00,10/7/2020 0:00,710,Sablefish,315531,SSEI,26,280,Sablefish,710,Retained,1,,1200
2020,2113,35553,OBSESSION,0.38,180,10/21/2020 0:00,10/29/2020 0:00,710,Sablefish,325531,SSEI,26,300,Sablefish,710,Retained,1,,300
2020,2113,35553,OBSESSION,0.38,180,10/21/2020 0:00,10/29/2020 0:00,710,Sablefish,325531,SSEI,29,342,Sablefish,710,Retained,1,,3250
2020,2113,35553,OBSESSION,0.38,180,10/21/2020 0:00,10/29/2020 0:00,710,Sablefish,325531,SSEI,30,356.75,Sablefish,710,Retained,1,,4675
2020,2113,35553,OBSESSION,0.38,180,10/21/2020 0:00,10/29/2020 0:00,710,Sablefish,325533,SSEI,26,344.6666667,Sablefish,710,Retained,1,,3600
2020,2113,35553,OBSESSION,0.38,180,10/21/2020 0:00,10/29/2020 0:00,710,Sablefish,325533,SSEI,29,319,Sablefish,710,Retained,1,,3350
2020,2113,35553,OBSESSION,0.38,180,10/21/2020 0:00,10/29/2020 0:00,710,Sablefish,325533,SSEI,30,346.5,Sablefish,710,Retained,1,,7000
2020,2114,35553,OBSESSION,0.38,33,10/27/2020 0:00,10/31/2020 0:00,710,Sablefish,325531,SSEI,26,380,Sablefish,710,Retained,1,,1500
2020,2114,35553,OBSESSION,0.38,33,10/27/2020 0:00,10/31/2020 0:00,710,Sablefish,325531,SSEI,29,260,Sablefish,710,Retained,1,,900
2020,2114,35553,OBSESSION,0.38,33,10/27/2020 0:00,10/31/2020 0:00,710,Sablefish,325531,SSEI,30,360,Sablefish,710,Retained,1,,1000
2020,2115,45213,BANTER BAY,0.43,35,10/26/2020 0:00,10/31/2020 0:00,710,Sablefish,325533,SSEI,21,290,Sablefish,710,Retained,1,,1200
2020,2115,45213,BANTER BAY,0.43,35,10/26/2020 0:00,10/31/2020 0:00,710,Sablefish,325533,SSEI,30,268.3333333,Sablefish,710,Retained,1,,2200
2020,2115,45213,BANTER BAY,0.43,35,10/26/2020 0:00,10/31/2020 0:00,710,Sablefish,325533,SSEI,40,300,Sablefish,710,Retained,1,,2000
2020,2116,35553,OBSESSION,0.38,33,11/3/2020 0:00,11/8/2020 0:00,710,Sablefish,325531,SSEI,45,376.5,Sablefish,710,Retained,1,,3900
2020,2116,35553,OBSESSION,0.38,33,11/3/2020 0:00,11/8/2020 0:00,710,Sablefish,325533,SSEI,27,320,Sablefish,710,Retained,1,,1200
2020,2116,35553,OBSESSION,0.38,33,11/3/2020 0:00,11/8/2020 0:00,710,Sablefish,325533,SSEI,38,317.5,Sablefish,710,Retained,1,,2000
2020,2116,35553,OBSESSION,0.38,33,11/3/2020 0:00,11/8/2020 0:00,710,Sablefish,325533,SSEI,44,320,Sablefish,710,Retained,1,,650
2020,2116,35553,OBSESSION,0.38,33,11/3/2020 0:00,11/8/2020 0:00,710,Sablefish,325533,SSEI,45,360,Sablefish,710,Retained,1,,3000
2020,2117,45213,BANTER BAY,0.44,35,11/3/2020 0:00,11/8/2020 0:00,710,Sablefish,315502,SSEI,50,265,Sablefish,710,Retained,1,,9100
2020,2118,45213,BANTER BAY,0.44,35,11/3/2020 0:00,11/11/2020 0:00,710,Sablefish,315502,SSEI,50,280,Sablefish,710,Retained,1,,1100
2020,2118,45213,BANTER BAY,0.44,35,11/3/2020 0:00,11/11/2020 0:00,710,Sablefish,325531,SSEI,50,275,Sablefish,710,Retained,1,,700
2020,2119,35553,OBSESSION,0.38,180,11/9/2020 0:00,11/14/2020 0:00,710,Sablefish,325533,SSEI,38,315,Sablefish,710,Retained,1,,3500
2021,2101,54766,SARA DAWN,0.38,180,5/31/2021 0:00,6/3/2021 0:00,710,Sablefish,315502,SSEI,45,258.8461538,Sablefish,710,Retained,1,,28600
2021,2102,54888,PIONEER,0.38,300,6/2/2021 0:00,6/7/2021 0:00,710,Sablefish,315502,SSEI,20,270,Sablefish,710,Retained,1,44,
2021,2102,54888,PIONEER,0.38,300,6/2/2021 0:00,6/7/2021 0:00,710,Sablefish,325531,SSEI,18,260,Sablefish,710,Retained,1,24,
2021,2102,54888,PIONEER,0.38,300,6/2/2021 0:00,6/7/2021 0:00,710,Sablefish,325531,SSEI,20,265,Sablefish,710,Retained,1,490,
2021,2103,54888,PIONEER,0.38,300,6/7/2021 0:00,6/12/2021 0:00,710,Sablefish,315502,SSEI,20,238.3333333,Sablefish,710,Retained,1,929,
2021,2103,54888,PIONEER,0.38,300,6/7/2021 0:00,6/12/2021 0:00,710,Sablefish,325531,SSEI,20,270,Sablefish,710,Retained,1,351,
2021,2104,89173,INTANGIBLE,0.38,225,6/6/2021 0:00,6/9/2021 0:00,710,Sablefish,315431,SSEI,40,220,Sablefish,710,Retained,1,,4015
2021,2104,89173,INTANGIBLE,0.38,225,6/6/2021 0:00,6/9/2021 0:00,710,Sablefish,315431,SSEI,60,235,Sablefish,710,Retained,1,,3550
2021,2104,89173,INTANGIBLE,0.38,225,6/6/2021 0:00,6/9/2021 0:00,710,Sablefish,315432,SSEI,40,250,Sablefish,710,Retained,1,,2500
2021,2104,89173,INTANGIBLE,0.38,225,6/6/2021 0:00,6/9/2021 0:00,710,Sablefish,315432,SSEI,60,241.6666667,Sablefish,710,Retained,1,,11820
2021,2105,54888,PIONEER,0.38,300,6/14/2021 0:00,6/18/2021 0:00,710,Sablefish,315502,SSEI,20,243.5714286,Sablefish,710,Retained,1,1258,
2021,2105,54888,PIONEER,0.38,300,6/14/2021 0:00,6/18/2021 0:00,710,Sablefish,315502,SSEI,28,260,Sablefish,710,Retained,1,170,
2021,2106,69054,KRUZOF,0.38,222,6/1/2021 0:00,6/21/2021 0:00,710,Sablefish,315432,SSEI,40,320,Sablefish,710,Retained,1,,2904
2021,2106,69054,KRUZOF,0.38,222,6/1/2021 0:00,6/21/2021 0:00,710,Sablefish,315502,SSEI,40,250.4848485,Sablefish,710,Retained,1,,53682
2021,2106,69054,KRUZOF,0.38,222,6/1/2021 0:00,6/21/2021 0:00,710,Sablefish,325533,SSEI,40,348.3333333,Sablefish,710,Retained,1,,4700
2021,2107,54888,PIONEER,0.38,300,6/19/2021 0:00,6/25/2021 0:00,710,Sablefish,315502,SSEI,20,250,Sablefish,710,Retained,1,1175,
2021,2108,54888,PIONEER,0.38,300,6/27/2021 0:00,7/2/2021 0:00,710,Sablefish,315502,SSEI,20,250,Sablefish,710,Retained,1,331,
2021,2108,54888,PIONEER,0.38,300,6/27/2021 0:00,7/2/2021 0:00,710,Sablefish,325531,SSEI,20,265,Sablefish,710,Retained,1,40,
2021,2109,54888,PIONEER,0.38,300,7/6/2021 0:00,7/11/2021 0:00,710,Sablefish,315502,SSEI,20,253.3333333,Sablefish,710,Retained,1,214,
2021,2109,54888,PIONEER,0.38,300,7/6/2021 0:00,7/11/2021 0:00,710,Sablefish,315502,SSEI,25,237.2727273,Sablefish,710,Retained,1,1125,
2021,2110,54888,PIONEER,0.38,300,7/13/2021 0:00,7/19/2021 0:00,710,Sablefish,315502,SSEI,18,260,Sablefish,710,Retained,1,121,
2021,2110,54888,PIONEER,0.38,300,7/13/2021 0:00,7/19/2021 0:00,710,Sablefish,315502,SSEI,20,244,Sablefish,710,Retained,1,356,
2021,2111,44862,SABRINA,0.75,40,9/15/2021 0:00,9/20/2021 0:00,710,Sablefish,315502,SSEI,26,260,Sablefish,710,Retained,1,,11000
2021,2111,44862,SABRINA,0.75,40,9/15/2021 0:00,9/20/2021 0:00,710,Sablefish,315531,SSEI,26,270,Sablefish,710,Retained,1,,3000
2021,2112,44862,SABRINA,0.75,40,9/15/2021 0:00,9/23/2021 0:00,710,Sablefish,315502,SSEI,26,252.8571429,Sablefish,710,Retained,1,,19400
2021,2113,45052,ERIKA ANN,0.56,180,9/19/2021 0:00,9/23/2021 0:00,710,Sablefish,315502,SSEI,75,240,Sablefish,710,Retained,1,,1800
2021,2113,45052,ERIKA ANN,0.56,180,9/19/2021 0:00,9/23/2021 0:00,710,Sablefish,325531,SSEI,75,235,Sablefish,710,Retained,1,,2700
2021,2114,44862,SABRINA,0.75,40,9/15/2021 0:00,9/25/2021 0:00,710,Sablefish,315502,SSEI,26,247.5,Sablefish,710,Retained,1,,10000
2021,2114,44862,SABRINA,0.75,40,9/15/2021 0:00,9/25/2021 0:00,710,Sablefish,315531,SSEI,26,265,Sablefish,710,Retained,1,,4000
2021,2115,44862,SABRINA,0.75,40,9/21/2021 0:00,9/27/2021 0:00,710,Sablefish,315502,SSEI,26,248.5714286,Sablefish,710,Retained,1,,18200
2021,2116,57899,CHOMLEY,0.43,130,9/23/2021 0:00,9/27/2021 0:00,710,Sablefish,315501,SSEI,30,271,Sablefish,710,Retained,1,8,
2021,2116,57899,CHOMLEY,0.43,130,9/23/2021 0:00,9/27/2021 0:00,710,Sablefish,315531,SSEI,30,271.3333333,Sablefish,710,Retained,1,34,
2021,2117,54888,PIONEER,0.34,50,9/25/2021 0:00,9/29/2021 0:00,710,Sablefish,315502,SSEI,15,220,Sablefish,710,Retained,1,165,
2021,2118,44862,SABRINA,0.75,40,9/21/2021 0:00,9/30/2021 0:00,710,Sablefish,315502,SSEI,26,250,Sablefish,710,Retained,1,,13600
2021,2118,44862,SABRINA,0.75,40,9/21/2021 0:00,9/30/2021 0:00,710,Sablefish,315531,SSEI,26,260,Sablefish,710,Retained,1,,3400
2021,2119,44862,SABRINA,0.75,40,9/27/2021 0:00,10/1/2021 0:00,710,Sablefish,315502,SSEI,26,240,Sablefish,710,Retained,1,,1400
2021,2119,44862,SABRINA,0.75,40,9/27/2021 0:00,10/1/2021 0:00,710,Sablefish,315531,SSEI,26,260,Sablefish,710,Retained,1,,2400
2021,2120,44862,SABRINA,0.75,40,9/27/2021 0:00,10/4/2021 0:00,710,Sablefish,315502,SSEI,26,244.2857143,Sablefish,710,Retained,1,,12900
2021,2121,44862,SABRINA,0.75,40,9/30/2021 0:00,10/7/2021 0:00,710,Sablefish,315502,SSEI,26,238.75,Sablefish,710,Retained,1,,11400
2021,2121,44862,SABRINA,0.75,40,9/30/2021 0:00,10/7/2021 0:00,710,Sablefish,315531,SSEI,26,270,Sablefish,710,Retained,1,,3800
2021,2122,77623,SOVEREIGN GRACE,0.5,180,10/5/2021 0:00,10/9/2021 0:00,710,Sablefish,325531,SSEI,30,206,Sablefish,710,Released,2,14,
2021,2122,77623,SOVEREIGN GRACE,0.5,180,10/5/2021 0:00,10/9/2021 0:00,710,Sablefish,325531,SSEI,30,222.5,Sablefish,710,Retained,1,,4504
2021,2122,77623,SOVEREIGN GRACE,0.5,180,10/5/2021 0:00,10/9/2021 0:00,710,Sablefish,325533,SSEI,30,300,Sablefish,710,Released,2,14,
2021,2122,77623,SOVEREIGN GRACE,0.5,180,10/5/2021 0:00,10/9/2021 0:00,710,Sablefish,325533,SSEI,30,305,Sablefish,710,Retained,1,,5838
2021,2123,44862,SABRINA,0.75,40,10/4/2021 0:00,10/12/2021 0:00,710,Sablefish,315502,SSEI,26,242,Sablefish,710,Retained,1,,6000
2021,2123,44862,SABRINA,0.75,40,10/4/2021 0:00,10/12/2021 0:00,710,Sablefish,315531,SSEI,26,265,Sablefish,710,Retained,1,,2500
2021,2124,77623,SOVEREIGN GRACE,0.5,180,10/8/2021 0:00,10/14/2021 0:00,710,Sablefish,325531,SSEI,30,271.8571429,Sablefish,710,Released,2,126,
2021,2124,77623,SOVEREIGN GRACE,0.5,180,10/8/2021 0:00,10/14/2021 0:00,710,Sablefish,325531,SSEI,30,246,Sablefish,710,Released (Quota Limit),3,232,
2021,2124,77623,SOVEREIGN GRACE,0.5,180,10/8/2021 0:00,10/14/2021 0:00,710,Sablefish,325531,SSEI,30,267.6666667,Sablefish,710,Retained,1,,18654
2021,2125,35553,OBSESSION,0.38,180,10/9/2021 0:00,10/14/2021 0:00,710,Sablefish,325533,SSEI,30,303.6666667,Sablefish,710,Retained,1,,5200
2021,2125,35553,OBSESSION,0.38,180,10/9/2021 0:00,10/14/2021 0:00,710,Sablefish,325533,SSEI,38,345.6666667,Sablefish,710,Retained,1,,5400
2021,2125,35553,OBSESSION,0.38,180,10/9/2021 0:00,10/14/2021 0:00,710,Sablefish,325533,SSEI,46,316,Sablefish,710,Retained,1,,8800
2021,2126,44862,SABRINA,0.75,40,10/12/2021 0:00,10/19/2021 0:00,710,Sablefish,315502,SSEI,26,256.6666667,Sablefish,710,Released (Quota Limit),3,,3900
2021,2126,44862,SABRINA,0.75,40,10/12/2021 0:00,10/19/2021 0:00,710,Sablefish,315531,SSEI,26,300,Sablefish,710,Released (Quota Limit),3,,800
2021,2126,44862,SABRINA,0.75,40,10/12/2021 0:00,10/19/2021 0:00,710,Sablefish,315531,SSEI,26,290,Sablefish,710,Retained,1,,2400
2021,2127,44862,SABRINA,0.75,40,10/4/2021 0:00,10/17/2021 0:00,710,Sablefish,315502,SSEI,26,247.1428571,Sablefish,710,Retained,1,,6600
2021,2127,44862,SABRINA,0.75,40,10/4/2021 0:00,10/17/2021 0:00,710,Sablefish,315531,SSEI,26,295,Sablefish,710,Retained,1,,9300
2021,2128,44862,SABRINA,0.75,40,10/12/2021 0:00,10/18/2021 0:00,710,Sablefish,315502,SSEI,26,256.6666667,Sablefish,710,Retained,1,,2400
2021,2129,54888,PIONEER,0.34,240,10/15/2021 0:00,10/18/2021 0:00,710,Sablefish,315502,SSEI,20,234.3333333,Sablefish,710,Retained,1,665,
2021,2129,54888,PIONEER,0.34,240,10/15/2021 0:00,10/18/2021 0:00,710,Sablefish,315502,SSEI,30,240,Sablefish,710,Retained,1,370,
2021,2130,75678,PACIFIC BOUNTY,0.38,225,10/14/2021 0:00,10/22/2021 0:00,710,Sablefish,315502,SSEI,56,255.4,Sablefish,710,Retained,1,,13250
2021,2130,75678,PACIFIC BOUNTY,0.38,225,10/14/2021 0:00,10/22/2021 0:00,710,Sablefish,315502,SSEI,57,250,Sablefish,710,Retained,1,,2300
2021,2131,35553,OBSESSION,0.38,180,10/19/2021 0:00,10/22/2021 0:00,710,Sablefish,325533,SSEI,46,321,Sablefish,710,Retained,1,,2800
2021,2132,54888,PIONEER,0.34,300,10/20/2021 0:00,10/26/2021 0:00,710,Sablefish,315502,SSEI,20,236.6666667,Sablefish,710,Retained,1,472,
2021,2132,54888,PIONEER,0.34,300,10/20/2021 0:00,10/26/2021 0:00,710,Sablefish,315502,SSEI,30,246.6666667,Sablefish,710,Retained,1,654,
2021,2133,56377,DANYA JOY,0.44,210,10/19/2021 0:00,10/26/2021 0:00,710,Sablefish,325533,SSEI,50,296.3333333,Sablefish,710,Retained,1,,4600
2021,2134,56377,DANYA JOY,0.44,210,10/24/2021 0:00,11/1/2021 0:00,710,Sablefish,325531,SSEI,50,325,Sablefish,710,Retained,1,,2500
2021,2134,56377,DANYA JOY,0.44,210,10/24/2021 0:00,11/1/2021 0:00,710,Sablefish,325531,SSEI,60,320,Sablefish,710,Retained,1,,1500
2021,2134,56377,DANYA JOY,0.44,210,10/24/2021 0:00,11/1/2021 0:00,710,Sablefish,325533,SSEI,50,325,Sablefish,710,Retained,1,,1700
2021,2135,54888,PIONEER,0.34,300,10/27/2021 0:00,11/1/2021 0:00,710,Sablefish,315502,SSEI,28,235,Sablefish,710,Retained,1,278,
2021,2135,54888,PIONEER,0.34,300,10/27/2021 0:00,11/1/2021 0:00,710,Sablefish,315502,SSEI,30,243.3333333,Sablefish,710,Retained,1,1119,
2021,2135,54888,PIONEER,0.34,300,10/27/2021 0:00,11/1/2021 0:00,710,Sablefish,315502,SSEI,49,245,Sablefish,710,Retained,1,674,
2021,2136,45213,BANTER BAY,0.44,210,10/29/2021 0:00,11/8/2021 0:00,710,Sablefish,325531,SSEI,59,312,Sablefish,710,Retained,1,,1200
2021,2136,45213,BANTER BAY,0.44,210,10/29/2021 0:00,11/8/2021 0:00,710,Sablefish,325531,SSEI,60,330,Sablefish,710,Retained,1,,2300
2021,2137,54888,PIONEER,0.34,300,11/3/2021 0:00,11/9/2021 0:00,710,Sablefish,315502,SSEI,28,250,Sablefish,710,Retained,1,594,
2021,2137,54888,PIONEER,0.34,300,11/3/2021 0:00,11/9/2021 0:00,710,Sablefish,315502,SSEI,30,245,Sablefish,710,Retained,1,280,
2021,2137,54888,PIONEER,0.34,300,11/3/2021 0:00,11/9/2021 0:00,710,Sablefish,315502,SSEI,48,260,Sablefish,710,Retained,1,176,
2021,2138,54888,PIONEER,0.34,300,11/9/2021 0:00,11/16/2021 0:00,710,Sablefish,315502,SSEI,20,240,Sablefish,710,Retained,1,426,
2021,2138,54888,PIONEER,0.34,300,11/9/2021 0:00,11/16/2021 0:00,710,Sablefish,315502,SSEI,40,257.5,Sablefish,710,Retained,1,859,
2021,2138,54888,PIONEER,0.34,300,11/9/2021 0:00,11/16/2021 0:00,710,Sablefish,315502,SSEI,49,245,Sablefish,710,Retained,1,1593,
